date,new_cases,new_cases_smoothed,new_tests,positive_rate,stringency_index
2021-01-01,0.0,28838.71,386001.0,0.07,47.69
2021-01-02,0.0,28838.71,,0.07,47.69
2021-01-03,186539.0,26648.43,,0.08,47.69
2021-01-04,0.0,26648.43,217791.0,0.08,47.69
2021-01-05,0.0,26648.43,268620.0,0.08,50.46
2021-01-06,0.0,26648.43,300065.0,0.09,50.46
2021-01-07,0.0,26648.43,330412.0,0.09,50.46
2021-01-08,0.0,26648.43,268668.0,0.1,50.46
2021-01-09,0.0,26648.43,342405.0,0.09,50.46
2021-01-10,165167.0,23595.29,383652.0,0.08,50.46
2021-01-11,0.0,23595.29,326357.0,0.07,50.46
2021-01-12,0.0,23595.29,341381.0,0.07,50.46
2021-01-13,0.0,23595.29,465028.0,0.07,50.46
2021-01-14,0.0,23595.29,531024.0,0.06,50.46
2021-01-15,0.0,23595.29,583820.0,0.05,50.46
2021-01-16,0.0,23595.29,478817.0,0.05,50.46
2021-01-17,166255.0,23750.71,373123.0,0.05,50.46
2021-01-18,0.0,23750.71,257909.0,0.05,50.46
2021-01-19,0.0,23750.71,320711.0,0.05,50.46
2021-01-20,0.0,23750.71,410533.0,0.05,50.46
2021-01-21,0.0,23750.71,456736.0,0.05,50.46
2021-01-22,0.0,23750.71,436520.0,0.06,50.46
2021-01-23,0.0,23750.71,441206.0,0.06,50.46
2021-01-24,151191.0,21598.71,335236.0,0.06,50.46
2021-01-25,0.0,21598.71,292367.0,0.05,50.46
2021-01-26,0.0,21598.71,342015.0,0.05,50.46
2021-01-27,0.0,21598.71,397080.0,0.05,50.46
2021-01-28,0.0,21598.71,411272.0,0.05,50.46
2021-01-29,0.0,21598.71,423497.0,0.05,50.46
2021-01-30,0.0,21598.71,414747.0,0.05,46.76
2021-01-31,131039.0,18719.86,333065.0,0.05,46.76
2021-02-01,0.0,18719.86,201301.0,0.05,45.83
2021-02-02,0.0,18719.86,287056.0,0.05,45.83
2021-02-03,0.0,18719.86,382721.0,0.05,45.83
2021-02-04,0.0,18719.86,458537.0,0.05,45.83
2021-02-05,0.0,18719.86,,0.05,45.83
2021-02-06,0.0,18719.86,,0.05,45.83
2021-02-07,116842.0,16691.71,,0.05,45.83
2021-02-08,0.0,16691.71,,0.04,45.83
2021-02-09,0.0,16691.71,,0.04,45.83
2021-02-10,0.0,16691.71,,0.04,45.83
2021-02-11,0.0,16691.71,399477.0,0.05,45.83
2021-02-12,0.0,16691.71,,0.04,45.83
2021-02-13,0.0,16691.71,,0.04,45.83
2021-02-14,104602.0,14943.14,299935.0,0.04,45.83
2021-02-15,0.0,14943.14,204488.0,0.05,45.83
2021-02-16,0.0,14943.14,277571.0,0.04,45.83
2021-02-17,0.0,14943.14,363166.0,0.04,45.83
2021-02-18,0.0,14943.14,374563.0,0.04,45.83
2021-02-19,0.0,14943.14,365425.0,0.04,45.83
2021-02-20,0.0,14943.14,368826.0,0.04,45.83
2021-02-21,92843.0,13263.29,341426.0,0.04,45.83
2021-02-22,0.0,13263.29,225305.0,0.04,45.83
2021-02-23,0.0,13263.29,202632.0,0.04,45.83
2021-02-24,0.0,13263.29,162804.0,0.04,45.83
2021-02-25,0.0,13263.29,265528.0,0.04,45.83
2021-02-26,0.0,13263.29,364693.0,0.04,45.83
2021-02-27,0.0,13263.29,397611.0,0.04,45.83
2021-02-28,81353.0,11621.86,314393.0,0.04,45.83
2021-03-01,0.0,11621.86,203520.0,0.04,45.83
2021-03-02,0.0,11621.86,285119.0,0.04,45.83
2021-03-03,0.0,11621.86,343927.0,0.04,45.83
2021-03-04,0.0,11621.86,362296.0,0.03,45.83
2021-03-05,0.0,11621.86,385253.0,0.03,40.28
2021-03-06,0.0,11621.86,354205.0,0.03,40.28
2021-03-07,76697.0,10956.71,281959.0,0.03,40.28
2021-03-08,0.0,10956.71,,0.03,40.28
2021-03-09,0.0,10956.71,,0.03,40.28
2021-03-10,0.0,10956.71,,0.03,40.28
2021-03-11,0.0,10956.71,,0.04,40.28
2021-03-12,0.0,10956.71,,0.04,40.28
2021-03-13,0.0,10956.71,,0.04,40.28
2021-03-14,67832.0,9690.29,,0.03,40.28
2021-03-15,0.0,9690.29,,0.03,40.28
2021-03-16,0.0,9690.29,,0.03,40.28
2021-03-17,0.0,9690.29,,0.03,40.28
2021-03-18,0.0,9690.29,,0.03,40.28
2021-03-19,0.0,9690.29,,0.03,40.28
2021-03-20,0.0,9690.29,,0.03,40.28
2021-03-21,66261.0,9465.86,,0.03,40.28
2021-03-22,0.0,9465.86,183798.0,0.03,40.28
2021-03-23,0.0,9465.86,,0.03,40.28
2021-03-24,0.0,9465.86,,0.03,40.28
2021-03-25,0.0,9465.86,337695.0,0.03,40.28
2021-03-26,0.0,9465.86,341455.0,0.03,40.28
2021-03-27,0.0,9465.86,341365.0,0.03,40.28
2021-03-28,62963.0,8994.71,267729.0,0.03,36.57
2021-03-29,0.0,8994.71,188733.0,0.03,36.57
2021-03-30,0.0,8994.71,284123.0,0.03,36.57
2021-03-31,0.0,8994.71,343403.0,0.03,36.57
2021-04-01,0.0,8994.71,359267.0,0.03,36.57
2021-04-02,0.0,8994.71,342237.0,0.03,36.57
2021-04-03,0.0,8994.71,365233.0,0.03,36.57
2021-04-04,61062.0,8723.14,249433.0,0.03,36.57
2021-04-05,0.0,8723.14,194518.0,0.03,42.13
2021-04-06,0.0,8723.14,249683.0,0.03,42.13
2021-04-07,0.0,8723.14,323105.0,0.03,42.13
2021-04-08,0.0,8723.14,340527.0,0.03,42.13
2021-04-09,0.0,8723.14,344845.0,0.03,42.13
2021-04-10,0.0,8723.14,347655.0,0.03,42.13
2021-04-11,60496.0,8642.29,272181.0,0.03,42.13
2021-04-12,0.0,8642.29,193375.0,0.03,42.13
2021-04-13,0.0,8642.29,255350.0,0.03,42.13
2021-04-14,0.0,8642.29,,0.03,42.13
2021-04-15,0.0,8642.29,,0.03,42.13
2021-04-16,0.0,8642.29,,0.03,42.13
2021-04-17,0.0,8642.29,,0.03,42.13
2021-04-18,60711.0,8673.0,,0.03,42.13
2021-04-19,0.0,8673.0,184490.0,0.03,42.13
2021-04-20,0.0,8673.0,255962.0,0.03,36.57
2021-04-21,0.0,8673.0,314230.0,0.03,36.57
2021-04-22,0.0,8673.0,332888.0,0.03,36.57
2021-04-23,0.0,8673.0,336366.0,0.03,36.57
2021-04-24,0.0,8673.0,324879.0,0.03,36.57
2021-04-25,60468.0,8638.29,262436.0,0.03,36.57
2021-04-26,0.0,8638.29,179796.0,0.03,36.57
2021-04-27,0.0,8638.29,251749.0,0.03,36.57
2021-04-28,0.0,8638.29,323761.0,0.03,36.57
2021-04-29,0.0,8638.29,328298.0,0.03,36.57
2021-04-30,0.0,8638.29,,0.03,36.57
2021-05-01,0.0,8638.29,,0.03,36.57
2021-05-02,60686.0,8669.43,236109.0,0.03,36.57
2021-05-03,0.0,8669.43,153392.0,0.03,36.57
2021-05-04,0.0,8669.43,174309.0,0.03,36.57
2021-05-05,0.0,8669.43,221435.0,0.03,36.57
2021-05-06,0.0,8669.43,264152.0,0.03,36.57
2021-05-07,0.0,8669.43,277929.0,0.03,36.57
2021-05-08,0.0,8669.43,296159.0,0.03,36.57
2021-05-09,57007.0,8143.86,258282.0,0.03,36.57
2021-05-10,0.0,8143.86,193338.0,0.03,36.57
2021-05-11,0.0,8143.86,210132.0,0.03,36.57
2021-05-12,0.0,8143.86,270613.0,0.03,36.57
2021-05-13,0.0,8143.86,369841.0,0.03,36.57
2021-05-14,0.0,8143.86,361657.0,0.03,36.57
2021-05-15,0.0,8143.86,374100.0,0.03,36.57
2021-05-16,59983.0,8569.0,308461.0,0.03,36.57
2021-05-17,0.0,8569.0,213134.0,0.03,36.57
2021-05-18,0.0,8569.0,276580.0,0.03,36.57
2021-05-19,0.0,8569.0,337162.0,0.03,36.57
2021-05-20,0.0,8569.0,358989.0,0.03,36.57
2021-05-21,0.0,8569.0,334880.0,0.03,36.57
2021-05-22,0.0,8569.0,360270.0,0.03,36.57
2021-05-23,61260.0,8751.43,289171.0,0.03,36.57
2021-05-24,0.0,8751.43,206525.0,0.03,36.57
2021-05-25,0.0,8751.43,271906.0,0.03,36.57
2021-05-26,0.0,8751.43,338866.0,0.03,36.57
2021-05-27,0.0,8751.43,374036.0,0.03,36.57
2021-05-28,0.0,8751.43,369782.0,0.03,36.57
2021-05-29,0.0,8751.43,382757.0,0.03,36.57
2021-05-30,61937.0,8848.14,343516.0,0.03,36.57
2021-05-31,0.0,8848.14,271007.0,0.03,36.57
2021-06-01,0.0,8848.14,305567.0,0.03,36.57
2021-06-02,0.0,8848.14,351336.0,0.03,36.57
2021-06-03,0.0,8848.14,392952.0,0.03,36.57
2021-06-04,0.0,8848.14,381348.0,0.03,36.57
2021-06-05,0.0,8848.14,483099.0,0.02,36.57
2021-06-06,62995.0,8999.29,188415.0,0.03,36.57
2021-06-07,0.0,8999.29,224825.0,0.03,36.57
2021-06-08,0.0,8999.29,305139.0,0.03,36.57
2021-06-09,0.0,8999.29,368732.0,0.03,36.57
2021-06-10,0.0,8999.29,400122.0,0.03,36.57
2021-06-11,0.0,8999.29,407065.0,0.03,36.57
2021-06-12,0.0,8999.29,420859.0,0.03,36.57
2021-06-13,82250.0,11750.0,325738.0,0.03,36.57
2021-06-14,0.0,11750.0,253506.0,0.03,49.07
2021-06-15,0.0,11750.0,269402.0,0.04,49.07
2021-06-16,0.0,11750.0,351854.0,0.04,49.07
2021-06-17,0.0,11750.0,444649.0,0.04,49.07
2021-06-18,0.0,11750.0,473339.0,0.04,49.54
2021-06-19,0.0,11750.0,471432.0,0.04,49.54
2021-06-20,108139.0,15448.43,383944.0,0.04,49.54
2021-06-21,0.0,15448.43,274606.0,0.04,49.54
2021-06-22,0.0,15448.43,436886.0,0.04,49.54
2021-06-23,0.0,15448.43,476324.0,0.04,49.54
2021-06-24,0.0,15448.43,505299.0,0.04,49.54
2021-06-25,0.0,15448.43,510187.0,0.04,49.54
2021-06-26,0.0,15448.43,501926.0,0.04,49.54
2021-06-27,134465.0,19209.29,527202.0,0.04,58.8
2021-06-28,0.0,19209.29,248325.0,0.04,58.8
2021-06-29,0.0,19209.29,409908.0,0.04,50.46
2021-06-30,0.0,19209.29,479618.0,0.05,50.46
2021-07-01,0.0,19209.29,605300.0,0.04,50.46
2021-07-02,0.0,19209.29,567122.0,0.04,50.46
2021-07-03,0.0,19209.29,584184.0,0.04,50.46
2021-07-04,159650.0,22807.14,488392.0,0.05,50.46
2021-07-05,0.0,22807.14,385879.0,0.05,50.46
2021-07-06,0.0,22807.14,473384.0,0.05,33.8
2021-07-07,0.0,22807.14,408026.0,0.05,33.8
2021-07-08,0.0,22807.14,561363.0,0.05,33.8
2021-07-09,0.0,22807.14,730274.0,0.05,33.8
2021-07-10,0.0,22807.14,594128.0,0.05,33.8
2021-07-11,172392.0,24627.43,454631.0,0.05,33.8
2021-07-12,0.0,24627.43,352482.0,0.05,29.36
2021-07-13,0.0,24627.43,442858.0,0.05,29.35
2021-07-14,0.0,24627.43,601027.0,0.05,29.34
2021-07-15,0.0,24627.43,577794.0,0.05,29.33
2021-07-16,0.0,24627.43,598957.0,0.05,29.3
2021-07-17,0.0,24627.43,581203.0,0.05,29.3
2021-07-18,174800.0,24971.43,,0.05,29.3
2021-07-19,0.0,24971.43,,0.05,30.09
2021-07-20,0.0,24971.43,,0.05,30.09
2021-07-21,0.0,24971.43,,0.05,30.09
2021-07-22,0.0,24971.43,,0.05,30.09
2021-07-23,0.0,24971.43,,0.05,30.09
2021-07-24,0.0,24971.43,,0.05,30.09
2021-07-25,168408.0,24058.29,,0.05,30.09
2021-07-26,0.0,24058.29,,0.05,30.09
2021-07-27,0.0,24058.29,,0.05,30.09
2021-07-28,0.0,24058.29,,0.05,30.09
2021-07-29,0.0,24058.29,,0.05,30.09
2021-07-30,0.0,24058.29,,0.05,30.09
2021-07-31,0.0,24058.29,,0.05,30.09
2021-08-01,162136.0,23162.29,,0.05,30.09
2021-08-02,0.0,23162.29,,0.05,46.76
2021-08-03,0.0,23162.29,,0.05,46.76
2021-08-04,0.0,23162.29,,0.05,46.76
2021-08-05,0.0,23162.29,,0.05,46.76
2021-08-06,0.0,23162.29,,0.05,46.76
2021-08-07,0.0,23162.29,,0.05,46.76
2021-08-08,159073.0,22724.71,,0.05,46.76
2021-08-09,0.0,22724.71,,0.05,46.76
2021-08-10,0.0,22724.71,,0.05,43.06
2021-08-11,0.0,22724.71,,0.05,43.06
2021-08-12,0.0,22724.71,,0.05,43.06
2021-08-13,0.0,22724.71,,0.05,43.06
2021-08-14,0.0,22724.71,,0.05,43.06
2021-08-15,153086.0,21869.43,,0.05,43.06
2021-08-16,0.0,21869.43,,0.05,43.06
2021-08-17,0.0,21869.43,,0.05,43.06
2021-08-18,0.0,21869.43,,0.05,43.06
2021-08-19,0.0,21869.43,,0.05,43.06
2021-08-20,0.0,21869.43,,0.05,43.06
2021-08-21,0.0,21869.43,,0.05,43.06
2021-08-22,146251.0,20893.0,,0.05,43.06
2021-08-23,0.0,20893.0,,0.05,52.31
2021-08-24,0.0,20893.0,,0.05,52.31
2021-08-25,0.0,20893.0,,0.05,52.31
2021-08-26,0.0,20893.0,,0.04,52.31
2021-08-27,0.0,20893.0,,0.05,52.31
2021-08-28,0.0,20893.0,,0.05,52.31
2021-08-29,135740.0,19391.43,,0.05,52.31
2021-08-30,0.0,19391.43,,0.05,52.31
2021-08-31,0.0,19391.43,,0.05,52.31
2021-09-01,0.0,19391.43,,0.05,52.31
2021-09-02,0.0,19391.43,,0.05,52.31
2021-09-03,0.0,19391.43,,0.05,52.31
2021-09-04,0.0,19391.43,,0.05,52.31
2021-09-05,129772.0,18538.86,,0.05,52.31
2021-09-06,0.0,18538.86,,0.05,52.31
2021-09-07,0.0,18538.86,,0.05,52.31
2021-09-08,0.0,18538.86,,0.05,52.31
2021-09-09,0.0,18538.86,,0.05,52.31
2021-09-10,0.0,18538.86,,0.05,61.57
2021-09-11,0.0,18538.86,,0.05,61.57
2021-09-12,127471.0,18210.14,,0.05,61.57
2021-09-13,0.0,18210.14,,0.05,61.57
2021-09-14,0.0,18210.14,,0.04,57.87
2021-09-15,0.0,18210.14,,0.04,57.87
2021-09-16,0.0,18210.14,,0.04,57.87
2021-09-17,0.0,18210.14,,0.04,57.87
2021-09-18,0.0,18210.14,,0.04,57.87
2021-09-19,134858.0,19265.43,,0.04,57.87
2021-09-20,0.0,19265.43,,0.04,57.87
2021-09-21,0.0,19265.43,,0.04,57.87
2021-09-22,0.0,19265.43,,0.04,57.87
2021-09-23,0.0,19265.43,,0.04,57.87
2021-09-24,0.0,19265.43,,0.04,57.87
2021-09-25,0.0,19265.43,,0.04,57.87
2021-09-26,145985.0,20855.0,,0.04,57.87
2021-09-27,0.0,20855.0,,0.05,57.87
2021-09-28,0.0,20855.0,,0.05,54.17
2021-09-29,0.0,20855.0,,0.05,54.17
2021-09-30,0.0,20855.0,,0.05,54.17
2021-10-01,0.0,20855.0,,0.05,54.17
2021-10-02,0.0,20855.0,,0.05,54.17
2021-10-03,165623.0,23660.43,,0.05,54.17
2021-10-04,0.0,23660.43,,0.05,54.17
2021-10-05,0.0,23660.43,,0.05,54.17
2021-10-06,0.0,23660.43,,0.05,54.17
2021-10-07,0.0,23660.43,,0.05,54.17
2021-10-08,0.0,23660.43,,0.05,54.17
2021-10-09,0.0,23660.43,,0.05,54.17
2021-10-10,188829.0,26975.57,,0.05,54.17
2021-10-11,0.0,26975.57,,0.05,54.17
2021-10-12,0.0,26975.57,,0.05,54.17
2021-10-13,0.0,26975.57,,0.05,54.17
2021-10-14,0.0,26975.57,,0.05,54.17
2021-10-15,0.0,26975.57,,0.05,56.02
2021-10-16,0.0,26975.57,,0.05,56.02
2021-10-17,217322.0,31046.0,,0.06,56.02
2021-10-18,0.0,31046.0,,0.06,56.02
2021-10-19,0.0,31046.0,512218.0,0.06,56.02
2021-10-20,0.0,31046.0,,0.06,56.02
2021-10-21,0.0,31046.0,,0.06,56.02
2021-10-22,0.0,31046.0,,0.06,56.02
2021-10-23,0.0,31046.0,,0.06,56.02
2021-10-24,248956.0,35565.14,,0.06,56.02
2021-10-25,0.0,35565.14,,0.06,56.02
2021-10-26,0.0,35565.14,,0.06,56.02
2021-10-27,0.0,35565.14,,0.06,56.02
2021-10-28,0.0,35565.14,,0.06,63.43
2021-10-29,0.0,35565.14,,0.06,63.43
2021-10-30,0.0,35565.14,,0.06,63.43
2021-10-31,272147.0,38878.14,,0.07,63.43
2021-11-01,0.0,38878.14,,0.06,63.43
2021-11-02,0.0,38878.14,,0.06,66.2
2021-11-03,0.0,38878.14,,0.06,66.2
2021-11-04,0.0,38878.14,,0.06,66.2
2021-11-05,0.0,38878.14,,0.07,66.2
2021-11-06,0.0,38878.14,,0.07,66.2
2021-11-07,281305.0,40186.43,,0.07,58.8
2021-11-08,0.0,40186.43,,0.07,38.43
2021-11-09,0.0,40186.43,495439.0,0.08,38.43
2021-11-10,0.0,40186.43,661784.0,0.07,38.43
2021-11-11,0.0,40186.43,714828.0,0.07,38.43
2021-11-12,0.0,40186.43,,0.07,38.43
2021-11-13,0.0,40186.43,,0.08,38.43
2021-11-14,275579.0,39368.43,,0.07,38.43
2021-11-15,0.0,39368.43,,0.07,38.43
2021-11-16,0.0,39368.43,370272.0,0.07,38.43
2021-11-17,0.0,39368.43,,0.08,45.83
2021-11-18,0.0,39368.43,,0.08,45.83
2021-11-19,0.0,39368.43,,0.07,60.65
2021-11-20,0.0,39368.43,,0.07,60.65
2021-11-21,260484.0,37212.0,,0.07,60.65
2021-11-22,0.0,37212.0,,0.07,60.65
2021-11-23,0.0,37212.0,,0.06,60.65
2021-11-24,0.0,37212.0,,0.06,60.65
2021-11-25,0.0,37212.0,,0.06,60.65
2021-11-26,0.0,37212.0,,0.06,60.65
2021-11-27,0.0,37212.0,,0.06,60.65
2021-11-28,239215.0,34173.57,,0.06,60.65
2021-11-29,0.0,34173.57,,0.06,60.65
2021-11-30,0.0,34173.57,,0.06,60.65
2021-12-01,0.0,34173.57,,0.06,60.65
2021-12-02,0.0,34173.57,,0.06,60.65
2021-12-03,0.0,34173.57,,0.06,60.65
2021-12-04,0.0,34173.57,,0.06,54.17
2021-12-05,231240.0,33034.29,,0.06,54.17
2021-12-06,0.0,33034.29,,0.06,52.31
2021-12-07,0.0,33034.29,,0.06,52.31
2021-12-08,0.0,33034.29,,0.06,52.31
2021-12-09,0.0,33034.29,,0.06,52.31
2021-12-10,0.0,33034.29,,0.06,52.31
2021-12-11,0.0,33034.29,,0.06,54.17
2021-12-12,215283.0,30754.71,,0.06,54.17
2021-12-13,0.0,30754.71,,0.06,54.17
2021-12-14,0.0,30754.71,,0.05,54.17
2021-12-15,0.0,30754.71,,0.06,54.17
2021-12-16,0.0,30754.71,,0.06,54.17
2021-12-17,0.0,30754.71,,0.06,54.17
2021-12-18,0.0,30754.71,,0.06,54.17
2021-12-19,197894.0,28270.57,,0.06,54.17
2021-12-20,0.0,28270.57,,0.06,54.17
2021-12-21,0.0,28270.57,,0.06,54.17
2021-12-22,0.0,28270.57,,0.06,54.17
2021-12-23,0.0,28270.57,,0.06,54.17
2021-12-24,0.0,28270.57,,0.06,54.17
2021-12-25,0.0,28270.57,,0.06,54.17
2021-12-26,177230.0,25318.57,,0.06,54.17
2021-12-27,0.0,25318.57,,0.05,54.17
2021-12-28,0.0,25318.57,,0.05,54.17
2021-12-29,0.0,25318.57,,0.05,54.17
2021-12-30,0.0,25318.57,,0.05,54.17
2021-12-31,0.0,25318.57,,0.05,54.17
2022-01-01,0.0,25318.57,,0.05,54.17
2022-01-02,145946.0,20849.43,,0.05,54.17
2022-01-03,0.0,20849.43,,0.05,54.17
2022-01-04,0.0,20849.43,,0.05,54.17
2022-01-05,0.0,20849.43,,0.05,54.17
2022-01-06,0.0,20849.43,,0.05,54.17
2022-01-07,0.0,20849.43,,0.05,48.61
2022-01-08,0.0,20849.43,,0.05,48.61
2022-01-09,112883.0,16126.14,,0.05,48.61
2022-01-10,0.0,16126.14,,0.05,48.61
2022-01-11,0.0,16126.14,,0.05,48.61
2022-01-12,0.0,16126.14,,0.05,48.61
2022-01-13,0.0,16126.14,,0.04,48.61
2022-01-14,0.0,16126.14,,0.04,48.61
2022-01-15,0.0,16126.14,,0.04,48.61
2022-01-16,152685.0,21812.14,,0.05,48.61
2022-01-17,0.0,21812.14,,0.05,48.61
2022-01-18,0.0,21812.14,,0.05,48.61
2022-01-19,0.0,21812.14,,0.06,48.61
2022-01-20,0.0,21812.14,,0.06,48.61
2022-01-21,0.0,21812.14,612579.0,0.07,48.61
2022-01-22,0.0,21812.14,,0.07,48.61
2022-01-23,304657.0,43522.43,,0.08,48.61
2022-01-24,0.0,43522.43,,0.09,48.61
2022-01-25,0.0,43522.43,,0.11,48.61
2022-01-26,0.0,43522.43,543339.0,0.12,48.61
2022-01-27,0.0,43522.43,,0.12,48.61
2022-01-28,0.0,43522.43,,0.13,48.61
2022-01-29,0.0,43522.43,,0.13,48.61
2022-01-30,628816.0,89830.86,,0.14,48.61
2022-01-31,0.0,89830.86,866584.0,0.13,48.61
2022-02-01,0.0,89830.86,738798.0,0.13,48.61
2022-02-02,0.0,89830.86,738376.0,0.14,48.61
2022-02-03,0.0,89830.86,1012145.0,0.14,48.61
2022-02-04,0.0,89830.86,1118115.0,0.15,48.61
2022-02-05,0.0,89830.86,,0.15,48.61
2022-02-06,1073111.0,153301.57,,0.16,48.61
2022-02-07,0.0,153301.57,,0.16,35.56
2022-02-08,0.0,153301.57,,0.16,35.54
2022-02-09,0.0,153301.57,,0.16,35.53
2022-02-10,0.0,153301.57,,0.17,35.53
2022-02-11,0.0,153301.57,,0.18,35.53
2022-02-12,0.0,153301.57,,0.19,35.52
2022-02-13,1323391.0,189055.86,,0.2,35.51
2022-02-14,0.0,189055.86,,0.21,35.5
2022-02-15,0.0,189055.86,,0.23,35.49
2022-02-16,0.0,189055.86,,0.25,35.48
2022-02-17,0.0,189055.86,,0.25,35.47
2022-02-18,0.0,189055.86,,0.26,35.47
2022-02-19,0.0,189055.86,,0.27,35.47
2022-02-20,1236910.0,176701.43,,0.28,35.47
2022-02-21,0.0,176701.43,,0.29,35.47
2022-02-22,0.0,176701.43,346332.0,0.29,35.47
2022-02-23,0.0,176701.43,,0.28,35.47
2022-02-24,0.0,176701.43,,0.29,41.02
2022-02-25,0.0,176701.43,429805.0,0.29,41.02
2022-02-26,0.0,176701.43,445760.0,0.29,41.02
2022-02-27,920697.0,131528.14,457600.0,0.29,41.02
2022-02-28,0.0,131528.14,383827.0,0.29,41.02
2022-03-01,0.0,131528.14,272654.0,0.28,41.02
2022-03-02,0.0,131528.14,331438.0,0.28,41.02
2022-03-03,0.0,131528.14,,0.27,35.45
2022-03-04,0.0,131528.14,,0.26,35.44
2022-03-05,0.0,131528.14,,0.25,35.44
2022-03-06,650540.0,92934.29,,0.25,35.44
2022-03-07,0.0,92934.29,,0.24,35.44
2022-03-08,0.0,92934.29,,0.23,35.44
2022-03-09,0.0,92934.29,,0.23,35.43
2022-03-10,0.0,92934.29,,0.23,35.43
2022-03-11,0.0,92934.29,,0.24,35.43
2022-03-12,0.0,92934.29,,0.22,35.43
2022-03-13,393530.0,56218.57,,0.21,35.43
2022-03-14,0.0,56218.57,,0.2,35.43
2022-03-15,0.0,56218.57,,0.18,35.42
2022-03-16,0.0,56218.57,,0.16,35.42
2022-03-17,0.0,56218.57,,0.15,35.42
2022-03-18,0.0,56218.57,,0.14,35.42
2022-03-19,0.0,56218.57,,0.14,35.42
2022-03-20,247506.0,35358.0,,0.14,35.42
2022-03-21,0.0,35358.0,,0.13,35.42
2022-03-22,0.0,35358.0,,0.13,35.41
2022-03-23,0.0,35358.0,,0.12,35.41
2022-03-24,0.0,35358.0,,0.12,35.4
2022-03-25,0.0,35358.0,,0.12,35.4
2022-03-26,0.0,35358.0,,0.11,35.39
2022-03-27,180050.0,25721.43,,0.11,35.39
2022-03-28,0.0,25721.43,,0.11,35.39
2022-03-29,0.0,25721.43,,0.1,35.39
2022-03-30,0.0,25721.43,,0.1,35.39
2022-03-31,0.0,25721.43,,0.1,35.39
2022-04-01,0.0,25721.43,,0.09,35.39
2022-04-02,0.0,25721.43,,0.09,35.39
2022-04-03,134124.0,19160.57,,0.09,35.39
2022-04-04,0.0,19160.57,,0.09,35.38
2022-04-05,0.0,19160.57,,0.08,35.38
2022-04-06,0.0,19160.57,,0.08,35.38
2022-04-07,0.0,19160.57,,0.08,35.38
2022-04-08,0.0,19160.57,,0.07,35.38
2022-04-09,0.0,19160.57,,0.07,35.38
2022-04-10,99194.0,14170.57,,0.07,35.38
2022-04-11,0.0,14170.57,,0.07,35.37
2022-04-12,0.0,14170.57,,0.07,35.37
2022-04-13,0.0,14170.57,,0.06,35.37
2022-04-14,0.0,14170.57,,0.06,35.37
2022-04-15,0.0,14170.57,,0.06,35.36
2022-04-16,0.0,14170.57,,0.06,35.36
2022-04-17,78657.0,11236.71,,0.06,35.36
2022-04-18,0.0,11236.71,,0.05,35.36
2022-04-19,0.0,11236.71,,0.05,35.36
2022-04-20,0.0,11236.71,,0.05,35.36
2022-04-21,0.0,11236.71,,0.05,35.36
2022-04-22,0.0,11236.71,,0.05,35.36
2022-04-23,0.0,11236.71,,0.05,35.36
2022-04-24,62420.0,8917.14,,0.05,35.36
2022-04-25,0.0,8917.14,,0.05,35.36
2022-04-26,0.0,8917.14,,0.05,35.34
2022-04-27,0.0,8917.14,,0.05,35.34
2022-04-28,0.0,8917.14,,0.05,35.34
2022-04-29,0.0,8917.14,,0.05,35.34
2022-04-30,0.0,8917.14,,0.05,35.34
2022-05-01,52264.0,7466.29,,0.05,35.34
2022-05-02,0.0,7466.29,,0.05,35.34
2022-05-03,0.0,7466.29,,0.05,23.15
2022-05-04,0.0,7466.29,,0.05,23.15
2022-05-05,0.0,7466.29,,0.05,23.15
2022-05-06,0.0,7466.29,,0.04,23.15
2022-05-07,0.0,7466.29,,0.04,23.15
2022-05-08,38265.0,5466.43,,0.04,23.15
2022-05-09,0.0,5466.43,,0.04,23.15
2022-05-10,0.0,5466.43,,0.04,23.15
2022-05-11,0.0,5466.43,,0.04,23.15
2022-05-12,0.0,5466.43,,0.04,23.15
2022-05-13,0.0,5466.43,,0.04,23.15
2022-05-14,0.0,5466.43,,0.04,23.15
2022-05-15,32627.0,4661.0,,0.04,23.15
2022-05-16,0.0,4661.0,,0.03,23.15
2022-05-17,0.0,4661.0,,0.03,23.15
2022-05-18,0.0,4661.0,,0.03,23.15
2022-05-19,0.0,4661.0,,0.03,23.15
2022-05-20,0.0,4661.0,,0.03,23.15
2022-05-21,0.0,4661.0,,0.03,23.15
2022-05-22,33157.0,4736.71,,0.03,23.15
2022-05-23,0.0,4736.71,,0.03,23.15
2022-05-24,0.0,4736.71,,0.03,23.15
2022-05-25,0.0,4736.71,,0.03,23.15
2022-05-26,0.0,4736.71,,0.03,23.15
2022-05-27,0.0,4736.71,,0.03,23.15
2022-05-28,0.0,4736.71,,0.03,23.15
2022-05-29,30586.0,4369.43,,0.03,23.15
2022-05-30,0.0,4369.43,,0.03,23.15
2022-05-31,0.0,4369.43,,0.03,23.15
2022-06-01,0.0,4369.43,,0.03,23.15
2022-06-02,0.0,4369.43,,0.03,23.15
2022-06-03,0.0,4369.43,,0.03,23.15
2022-06-04,0.0,4369.43,,0.03,23.15
2022-06-05,27815.0,3973.57,,,23.15
2022-06-06,0.0,3973.57,,,23.15
2022-06-07,0.0,3973.57,,,23.15
2022-06-08,0.0,3973.57,,,23.15
2022-06-09,0.0,3973.57,,,23.15
2022-06-10,0.0,3973.57,,,23.15
2022-06-11,0.0,3973.57,,,23.15
2022-06-12,24736.0,3533.71,,,23.15
2022-06-13,0.0,3533.71,,,23.15
2022-06-14,0.0,3533.71,,,23.15
2022-06-15,0.0,3533.71,,,23.15
2022-06-16,0.0,3533.71,,,23.15
2022-06-17,0.0,3533.71,,,23.15
2022-06-18,0.0,3533.71,,,23.15
2022-06-19,21673.0,3096.14,,,23.15
2022-06-20,0.0,3096.14,,,23.15
2022-06-21,0.0,3096.14,,,23.15
2022-06-22,0.0,3096.14,,,23.15
2022-06-23,0.0,3096.14,,,23.15
2022-06-24,0.0,3096.14,,,23.15
2022-06-25,0.0,3096.14,,,23.15
2022-06-26,20621.0,2945.86,,,23.15
2022-06-27,0.0,2945.86,,,23.15
2022-06-28,0.0,2945.86,,,22.69
2022-06-29,0.0,2945.86,,,22.69
2022-06-30,0.0,2945.86,,,22.69
2022-07-01,0.0,2945.86,,,22.69
2022-07-02,0.0,2945.86,,,22.69
2022-07-03,20878.0,2982.57,,,22.69
2022-07-04,0.0,2982.57,,,22.69
2022-07-05,0.0,2982.57,,,22.69
2022-07-06,0.0,2982.57,,,22.69
2022-07-07,0.0,2982.57,,,22.69
2022-07-08,0.0,2982.57,,,22.69
2022-07-09,0.0,2982.57,,,22.69
2022-07-10,22452.0,3207.43,,,22.69
2022-07-11,0.0,3207.43,,,22.69
2022-07-12,0.0,3207.43,,,22.69
2022-07-13,0.0,3207.43,,,31.02
2022-07-14,0.0,3207.43,,,31.02
2022-07-15,0.0,3207.43,,,31.02
2022-07-16,0.0,3207.43,,,31.02
2022-07-17,28085.0,4012.14,,,31.02
2022-07-18,0.0,4012.14,,,31.02
2022-07-19,0.0,4012.14,,,31.02
2022-07-20,0.0,4012.14,,,31.02
2022-07-21,0.0,4012.14,,,31.02
2022-07-22,0.0,4012.14,,,31.02
2022-07-23,0.0,4012.14,,,31.02
2022-07-24,41959.0,5994.14,,,31.02
2022-07-25,0.0,5994.14,,,31.02
2022-07-26,0.0,5994.14,,,31.02
2022-07-27,0.0,5994.14,,,31.02
2022-07-28,0.0,5994.14,,,31.02
2022-07-29,0.0,5994.14,,,31.02
2022-07-30,0.0,5994.14,,,31.02
2022-07-31,69464.0,9923.43,,,31.02
2022-08-01,0.0,9923.43,,,31.02
2022-08-02,0.0,9923.43,,,31.02
2022-08-03,0.0,9923.43,,,31.02
2022-08-04,0.0,9923.43,,,31.02
2022-08-05,0.0,9923.43,,,31.02
2022-08-06,0.0,9923.43,,,31.02
2022-08-07,110980.0,15854.29,,,31.02
2022-08-08,0.0,15854.29,,,31.02
2022-08-09,0.0,15854.29,,,31.02
2022-08-10,0.0,15854.29,,,31.02
2022-08-11,0.0,15854.29,,,31.02
2022-08-12,0.0,15854.29,,,31.02
2022-08-13,0.0,15854.29,,,31.02
2022-08-14,169259.0,24179.86,,,31.02
2022-08-15,0.0,24179.86,,,31.02
2022-08-16,0.0,24179.86,,,31.02
2022-08-17,0.0,24179.86,,,31.02
2022-08-18,0.0,24179.86,,,31.02
2022-08-19,0.0,24179.86,,,31.02
2022-08-20,0.0,24179.86,,,31.02
2022-08-21,235385.0,33626.43,,,31.02
2022-08-22,0.0,33626.43,,,31.02
2022-08-23,0.0,33626.43,,,31.02
2022-08-24,0.0,33626.43,,,31.02
2022-08-25,0.0,33626.43,,,31.02
2022-08-26,0.0,33626.43,,,31.02
2022-08-27,0.0,33626.43,,,31.02
2022-08-28,288580.0,41225.71,,,31.02
2022-08-29,0.0,41225.71,,,31.02
2022-08-30,0.0,41225.71,,,31.02
2022-08-31,0.0,41225.71,,,31.02
2022-09-01,0.0,41225.71,,,31.02
2022-09-02,0.0,41225.71,,,31.02
2022-09-03,0.0,41225.71,,,31.02
2022-09-04,323500.0,46214.29,,,31.02
2022-09-05,0.0,46214.29,,,31.02
2022-09-06,0.0,46214.29,,,31.02
2022-09-07,0.0,46214.29,,,31.02
2022-09-08,0.0,46214.29,,,31.02
2022-09-09,0.0,46214.29,,,31.02
2022-09-10,0.0,46214.29,,,31.02
2022-09-11,337187.0,48169.57,,,31.02
2022-09-12,0.0,48169.57,,,31.02
2022-09-13,0.0,48169.57,,,31.02
2022-09-14,0.0,48169.57,,,31.02
2022-09-15,0.0,48169.57,,,31.02
2022-09-16,0.0,48169.57,,,31.02
2022-09-17,0.0,48169.57,,,31.02
2022-09-18,372485.0,53212.14,,,31.02
2022-09-19,0.0,53212.14,,,31.02
2022-09-20,0.0,53212.14,,,31.02
2022-09-21,0.0,53212.14,,,31.02
2022-09-22,0.0,53212.14,,,31.02
2022-09-23,0.0,53212.14,,,31.02
2022-09-24,0.0,53212.14,,,31.02
2022-09-25,353826.0,50546.57,,,31.02
2022-09-26,0.0,50546.57,,,31.02
2022-09-27,0.0,50546.57,,,31.02
2022-09-28,0.0,50546.57,,,31.02
2022-09-29,0.0,50546.57,,,31.02
2022-09-30,0.0,50546.57,,,31.02
2022-10-01,0.0,50546.57,,,31.02
2022-10-02,256106.0,36586.57,,,31.02
2022-10-03,0.0,36586.57,,,31.02
2022-10-04,0.0,36586.57,,,31.02
2022-10-05,0.0,36586.57,,,31.02
2022-10-06,0.0,36586.57,,,31.02
2022-10-07,0.0,36586.57,,,31.02
2022-10-08,0.0,36586.57,,,31.02
2022-10-09,154305.0,22043.57,,,31.02
2022-10-10,0.0,22043.57,,,31.02
2022-10-11,0.0,22043.57,,,31.02
2022-10-12,0.0,22043.57,,,31.02
2022-10-13,0.0,22043.57,,,31.02
2022-10-14,0.0,22043.57,,,31.02
2022-10-15,0.0,22043.57,,,31.02
2022-10-16,101222.0,14460.29,,,31.02
2022-10-17,0.0,14460.29,,,31.02
2022-10-18,0.0,14460.29,,,22.69
2022-10-19,0.0,14460.29,,,22.69
2022-10-20,0.0,14460.29,,,22.69
2022-10-21,0.0,14460.29,,,22.69
2022-10-22,0.0,14460.29,,,22.69
2022-10-23,68381.0,9768.71,,,22.69
2022-10-24,0.0,9768.71,,,22.69
2022-10-25,0.0,9768.71,,,22.69
2022-10-26,0.0,9768.71,,,22.69
2022-10-27,0.0,9768.71,,,22.69
2022-10-28,0.0,9768.71,,,22.69
2022-10-29,0.0,9768.71,,,22.69
2022-10-30,50790.0,7255.71,,,22.69
2022-10-31,0.0,7255.71,,,22.69
2022-11-01,0.0,7255.71,,,22.69
2022-11-02,0.0,7255.71,,,22.69
2022-11-03,0.0,7255.71,,,22.69
2022-11-04,0.0,7255.71,,,22.69
2022-11-05,0.0,7255.71,,,22.69
2022-11-06,40125.0,5732.14,,,22.69
2022-11-07,0.0,5732.14,,,22.69
2022-11-08,0.0,5732.14,,,22.69
2022-11-09,0.0,5732.14,,,22.69
2022-11-10,0.0,5732.14,,,22.69
2022-11-11,0.0,5732.14,,,22.69
2022-11-12,0.0,5732.14,,,22.69
2022-11-13,36102.0,5157.43,,,22.69
2022-11-14,0.0,5157.43,,,22.69
2022-11-15,0.0,5157.43,,,22.69
2022-11-16,0.0,5157.43,,,22.69
2022-11-17,0.0,5157.43,,,22.69
2022-11-18,0.0,5157.43,,,22.69
2022-11-19,0.0,5157.43,,,22.69
2022-11-20,36277.0,5182.43,,,22.69
2022-11-21,0.0,5182.43,,,22.69
2022-11-22,0.0,5182.43,,,11.11
2022-11-23,0.0,5182.43,,,11.11
2022-11-24,0.0,5182.43,,,11.11
2022-11-25,0.0,5182.43,,,11.11
2022-11-26,0.0,5182.43,,,11.11
2022-11-27,38535.0,5505.0,,,11.11
2022-11-28,0.0,5505.0,,,11.11
2022-11-29,0.0,5505.0,,,11.11
2022-11-30,0.0,5505.0,,,11.11
2022-12-01,0.0,5505.0,,,11.11
2022-12-02,0.0,5505.0,,,11.11
2022-12-03,0.0,5505.0,,,11.11
2022-12-04,42837.0,6119.57,,,11.11
2022-12-05,0.0,6119.57,,,11.11
2022-12-06,0.0,6119.57,,,11.11
2022-12-07,0.0,6119.57,,,11.11
2022-12-08,0.0,6119.57,,,11.11
2022-12-09,0.0,6119.57,,,11.11
2022-12-10,0.0,6119.57,,,11.11
2022-12-11,47551.0,6793.0,,,11.11
2022-12-12,0.0,6793.0,,,11.11
2022-12-13,0.0,6793.0,,,11.11
2022-12-14,0.0,6793.0,,,11.11
2022-12-15,0.0,6793.0,,,11.11
2022-12-16,0.0,6793.0,,,11.11
2022-12-17,0.0,6793.0,,,11.11
2022-12-18,50922.0,7274.57,,,11.11
2022-12-19,0.0,7274.57,,,11.11
2022-12-20,0.0,7274.57,,,11.11
2022-12-21,0.0,7274.57,,,11.11
2022-12-22,0.0,7274.57,,,11.11
2022-12-23,0.0,7274.57,,,11.11
2022-12-24,0.0,7274.57,,,11.11
2022-12-25,48218.0,6888.29,,,11.11
2022-12-26,0.0,6888.29,,,11.11
2022-12-27,0.0,6888.29,,,11.11
2022-12-28,0.0,6888.29,,,11.11
2022-12-29,0.0,6888.29,,,11.11
2022-12-30,0.0,6888.29,,,11.11
2022-12-31,0.0,6888.29,,,11.11
2023-01-01,39255.0,5607.86,,,
2023-01-02,0.0,5607.86,,,
2023-01-03,0.0,5607.86,,,
2023-01-04,0.0,5607.86,,,
2023-01-05,0.0,5607.86,,,
2023-01-06,0.0,5607.86,,,
2023-01-07,0.0,5607.86,,,
2023-01-08,23435.0,3347.86,,,
2023-01-09,0.0,3347.86,,,
2023-01-10,0.0,3347.86,,,
2023-01-11,0.0,3347.86,,,
2023-01-12,0.0,3347.86,,,
2023-01-13,0.0,3347.86,,,
2023-01-14,0.0,3347.86,,,
2023-01-15,29631.0,4233.0,,,
2023-01-16,0.0,4233.0,,,
2023-01-17,0.0,4233.0,,,
2023-01-18,0.0,4233.0,,,
2023-01-19,0.0,4233.0,,,
2023-01-20,0.0,4233.0,,,
2023-01-21,0.0,4233.0,,,
2023-01-22,37544.0,5363.43,,,
2023-01-23,0.0,5363.43,,,
2023-01-24,0.0,5363.43,,,
2023-01-25,0.0,5363.43,,,
2023-01-26,0.0,5363.43,,,
2023-01-27,0.0,5363.43,,,
2023-01-28,0.0,5363.43,,,
2023-01-29,44264.0,6323.43,,,
2023-01-30,0.0,6323.43,,,
2023-01-31,0.0,6323.43,,,
2023-02-01,0.0,6323.43,,,
2023-02-02,0.0,6323.43,,,
2023-02-03,0.0,6323.43,,,
2023-02-04,0.0,6323.43,,,
2023-02-05,58323.0,8331.86,,,
2023-02-06,0.0,8331.86,,,
2023-02-07,0.0,8331.86,,,
2023-02-08,0.0,8331.86,,,
2023-02-09,0.0,8331.86,,,
2023-02-10,0.0,8331.86,,,
2023-02-11,0.0,8331.86,,,
2023-02-12,75973.0,10853.29,,,
2023-02-13,0.0,10853.29,,,
2023-02-14,0.0,10853.29,,,
2023-02-15,0.0,10853.29,,,
2023-02-16,0.0,10853.29,,,
2023-02-17,0.0,10853.29,,,
2023-02-18,0.0,10853.29,,,
2023-02-19,93918.0,13416.86,,,
2023-02-20,0.0,13416.86,,,
2023-02-21,0.0,13416.86,,,
2023-02-22,0.0,13416.86,,,
2023-02-23,0.0,13416.86,,,
2023-02-24,0.0,13416.86,,,
2023-02-25,0.0,13416.86,,,
2023-02-26,86502.0,12357.43,,,
2023-02-27,0.0,12357.43,,,
2023-02-28,0.0,12357.43,,,
2023-03-01,0.0,12357.43,,,
2023-03-02,0.0,12357.43,,,
2023-03-03,0.0,12357.43,,,
2023-03-04,0.0,12357.43,,,
2023-03-05,88991.0,12713.0,,,
2023-03-06,0.0,12713.0,,,
2023-03-07,0.0,12713.0,,,
2023-03-08,0.0,12713.0,,,
2023-03-09,0.0,12713.0,,,
2023-03-10,0.0,12713.0,,,
2023-03-11,0.0,12713.0,,,
2023-03-12,80965.0,11566.43,,,
2023-03-13,0.0,11566.43,,,
2023-03-14,0.0,11566.43,,,
2023-03-15,0.0,11566.43,,,
2023-03-16,0.0,11566.43,,,
2023-03-17,0.0,11566.43,,,
2023-03-18,0.0,11566.43,,,
2023-03-19,83106.0,11872.29,,,
2023-03-20,0.0,11872.29,,,
2023-03-21,0.0,11872.29,,,
2023-03-22,0.0,11872.29,,,
2023-03-23,0.0,11872.29,,,
2023-03-24,0.0,11872.29,,,
2023-03-25,0.0,11872.29,,,
2023-03-26,80011.0,11430.14,,,
2023-03-27,0.0,11430.14,,,
2023-03-28,0.0,11430.14,,,
2023-03-29,0.0,11430.14,,,
2023-03-30,0.0,11430.14,,,
2023-03-31,0.0,11430.14,,,
2023-04-01,0.0,11430.14,,,
2023-04-02,69916.0,9988.0,,,
2023-04-03,0.0,9988.0,,,
2023-04-04,0.0,9988.0,,,
2023-04-05,0.0,9988.0,,,
2023-04-06,0.0,9988.0,,,
2023-04-07,0.0,9988.0,,,
2023-04-08,0.0,9988.0,,,
2023-04-09,58862.0,8408.86,,,
2023-04-10,0.0,8408.86,,,
2023-04-11,0.0,8408.86,,,
2023-04-12,0.0,8408.86,,,
2023-04-13,0.0,8408.86,,,
2023-04-14,0.0,8408.86,,,
2023-04-15,0.0,8408.86,,,
2023-04-16,50349.0,7192.71,,,
2023-04-17,0.0,7192.71,,,
2023-04-18,0.0,7192.71,,,
2023-04-19,0.0,7192.71,,,
2023-04-20,0.0,7192.71,,,
2023-04-21,0.0,7192.71,,,
2023-04-22,0.0,7192.71,,,
2023-04-23,44927.0,6418.14,,,
2023-04-24,0.0,6418.14,,,
2023-04-25,0.0,6418.14,,,
2023-04-26,0.0,6418.14,,,
2023-04-27,0.0,6418.14,,,
2023-04-28,0.0,6418.14,,,
2023-04-29,0.0,6418.14,,,
2023-04-30,40945.0,5849.29,,,
2023-05-01,0.0,5849.29,,,
2023-05-02,0.0,5849.29,,,
2023-05-03,0.0,5849.29,,,
2023-05-04,0.0,5849.29,,,
2023-05-05,0.0,5849.29,,,
2023-05-06,0.0,5849.29,,,
2023-05-07,27440.0,3920.0,,,
2023-05-08,0.0,3920.0,,,
2023-05-09,0.0,3920.0,,,
2023-05-10,0.0,3920.0,,,
2023-05-11,0.0,3920.0,,,
2023-05-12,0.0,3920.0,,,
2023-05-13,0.0,3920.0,,,
2023-05-14,19727.0,2818.14,,,
2023-05-15,0.0,2818.14,,,
2023-05-16,0.0,2818.14,,,
2023-05-17,0.0,2818.14,,,
2023-05-18,0.0,2818.14,,,
2023-05-19,0.0,2818.14,,,
2023-05-20,0.0,2818.14,,,
2023-05-21,2379.0,339.86,,,
2023-05-22,0.0,339.86,,,
2023-05-23,0.0,339.86,,,
2023-05-24,0.0,339.86,,,
2023-05-25,0.0,339.86,,,
2023-05-26,0.0,339.86,,,
2023-05-27,0.0,339.86,,,
2023-05-28,17118.0,2445.43,,,
2023-05-29,0.0,2445.43,,,
2023-05-30,0.0,2445.43,,,
2023-05-31,0.0,2445.43,,,
2023-06-01,0.0,2445.43,,,
2023-06-02,0.0,2445.43,,,
2023-06-03,0.0,2445.43,,,
2023-06-04,11276.0,1610.86,,,
2023-06-05,0.0,1610.86,,,
2023-06-06,0.0,1610.86,,,
2023-06-07,0.0,1610.86,,,
2023-06-08,0.0,1610.86,,,
2023-06-09,0.0,1610.86,,,
2023-06-10,0.0,1610.86,,,
2023-06-11,13309.0,1901.29,,,
2023-06-12,0.0,1901.29,,,
2023-06-13,0.0,1901.29,,,
2023-06-14,0.0,1901.29,,,
2023-06-15,0.0,1901.29,,,
2023-06-16,0.0,1901.29,,,
2023-06-17,0.0,1901.29,,,
2023-06-18,4406.0,629.43,,,
2023-06-19,0.0,629.43,,,
2023-06-20,0.0,629.43,,,
2023-06-21,0.0,629.43,,,
2023-06-22,0.0,629.43,,,
2023-06-23,0.0,629.43,,,
2023-06-24,0.0,629.43,,,
2023-06-25,6545.0,935.0,,,
2023-06-26,0.0,935.0,,,
2023-06-27,0.0,935.0,,,
2023-06-28,0.0,935.0,,,
2023-06-29,0.0,935.0,,,
2023-06-30,0.0,935.0,,,
