,gt_covid_symptoms,gt_loss_of_smell,gt_loss_of_taste,gt_fever,gt_cough,gt_pcr_test,gt_pcr_take,gt_antigen_test,gt_hospitalization,gt_hospital,gt_vaccine,gt_vaccination,gt_self_isolation,gt_lockdown,gt_qr_code
2020-12-27,6.976744186046512,2.3255813953488373,0.0,0.0,0.0,2.3255813953488373,0.0,0.0,0.0,0.0,0.0,0.0,0.0,2.3255813953488373,2.3255813953488373
2020-12-28,6.954092419208698,1.993355481727575,0.0,0.0,0.0,2.3180308064028994,0.0,0.0,0.0,0.0,0.0,0.0,0.0,2.3180308064028994,2.3180308064028994
2020-12-29,6.931440652370885,1.6611295681063125,0.0,0.0,0.0,2.310480217456962,0.0,0.0,0.0,0.0,0.0,0.0,0.0,2.310480217456962,2.310480217456962
2020-12-30,6.908788885533071,1.3289036544850499,0.0,0.0,0.0,2.302929628511024,0.0,0.0,0.0,0.0,0.0,0.0,0.0,2.302929628511024,2.302929628511024
2020-12-31,6.886137118695258,0.9966777408637875,0.0,0.0,0.0,2.2953790395650864,0.0,0.0,0.0,0.0,0.0,0.0,0.0,2.2953790395650864,2.2953790395650864
2021-01-01,6.863485351857444,0.6644518272425248,0.0,0.0,0.0,2.2878284506191484,0.0,0.0,0.0,0.0,0.0,0.0,0.0,2.2878284506191484,2.2878284506191484
2021-01-02,6.840833585019631,0.3322259136212624,0.0,0.0,0.0,2.280277861673211,0.0,0.0,0.0,0.0,0.0,0.0,0.0,2.280277861673211,2.280277861673211
2021-01-03,6.8181818181818175,0.0,0.0,0.0,0.0,2.272727272727273,0.0,0.0,0.0,0.0,0.0,0.0,0.0,2.272727272727273,2.272727272727273
2021-01-04,6.616356616356616,0.0,0.0,0.0,0.0,2.3341523341523343,0.0,0.0,0.0,0.0,0.0,0.0,0.0,2.3341523341523343,2.3341523341523343
2021-01-05,6.414531414531414,0.0,0.0,0.0,0.0,2.3955773955773956,0.0,0.0,0.0,0.0,0.0,0.0,0.0,2.3955773955773956,2.3955773955773956
2021-01-06,6.2127062127062125,0.0,0.0,0.0,0.0,2.457002457002457,0.0,0.0,0.0,0.0,0.0,0.0,0.0,2.457002457002457,2.457002457002457
2021-01-07,6.01088101088101,0.0,0.0,0.0,0.0,2.5184275184275187,0.0,0.0,0.0,0.0,0.0,0.0,0.0,2.5184275184275187,2.5184275184275187
2021-01-08,5.809055809055809,0.0,0.0,0.0,0.0,2.57985257985258,0.0,0.0,0.0,0.0,0.0,0.0,0.0,2.57985257985258,2.57985257985258
2021-01-09,5.607230607230607,0.0,0.0,0.0,0.0,2.6412776412776413,0.0,0.0,0.0,0.0,0.0,0.0,0.0,2.6412776412776413,2.6412776412776413
2021-01-10,5.405405405405405,0.0,0.0,0.0,0.0,2.7027027027027026,0.0,0.0,0.0,0.0,0.0,0.0,0.0,2.7027027027027026,2.7027027027027026
2021-01-11,5.585585585585585,0.0,0.0,0.0,0.0,2.7927927927927927,0.0,0.0,0.0,0.0,0.0,0.0,0.0,2.7927927927927927,2.7927927927927927
2021-01-12,5.7657657657657655,0.0,0.0,0.0,0.0,2.8828828828828827,0.0,0.0,0.0,0.0,0.0,0.0,0.0,2.8828828828828827,2.8828828828828827
2021-01-13,5.945945945945946,0.0,0.0,0.0,0.0,2.972972972972973,0.0,0.0,0.0,0.0,0.0,0.0,0.0,2.972972972972973,2.972972972972973
2021-01-14,6.126126126126126,0.0,0.0,0.0,0.0,3.063063063063063,0.0,0.0,0.0,0.0,0.0,0.0,0.0,3.063063063063063,3.063063063063063
2021-01-15,6.306306306306307,0.0,0.0,0.0,0.0,3.1531531531531534,0.0,0.0,0.0,0.0,0.0,0.0,0.0,3.1531531531531534,3.1531531531531534
2021-01-16,6.486486486486487,0.0,0.0,0.0,0.0,3.2432432432432434,0.0,0.0,0.0,0.0,0.0,0.0,0.0,3.2432432432432434,3.2432432432432434
2021-01-17,6.666666666666667,0.0,0.0,0.0,0.0,3.3333333333333335,0.0,0.0,0.0,0.0,0.0,0.0,0.0,3.3333333333333335,3.3333333333333335
2021-01-18,6.666666666666667,0.0,0.0,0.0,0.0,3.3333333333333335,0.0,0.0,0.0,0.0,0.0,0.0,0.0,3.3333333333333335,3.3333333333333335
2021-01-19,6.666666666666667,0.0,0.0,0.0,0.0,3.3333333333333335,0.0,0.0,0.0,0.0,0.0,0.0,0.0,3.3333333333333335,3.3333333333333335
2021-01-20,6.666666666666667,0.0,0.0,0.0,0.0,3.3333333333333335,0.0,0.0,0.0,0.0,0.0,0.0,0.0,3.3333333333333335,3.3333333333333335
2021-01-21,6.666666666666667,0.0,0.0,0.0,0.0,3.3333333333333335,0.0,0.0,0.0,0.0,0.0,0.0,0.0,3.3333333333333335,3.3333333333333335
2021-01-22,6.666666666666667,0.0,0.0,0.0,0.0,3.3333333333333335,0.0,0.0,0.0,0.0,0.0,0.0,0.0,3.3333333333333335,3.3333333333333335
2021-01-23,6.666666666666667,0.0,0.0,0.0,0.0,3.3333333333333335,0.0,0.0,0.0,0.0,0.0,0.0,0.0,3.3333333333333335,3.3333333333333335
2021-01-24,6.666666666666667,0.0,0.0,0.0,0.0,3.3333333333333335,0.0,0.0,0.0,0.0,0.0,0.0,0.0,3.3333333333333335,3.3333333333333335
2021-01-25,6.263736263736264,0.0,0.0,0.0,0.0,3.406593406593407,0.0,0.0,0.0,0.0,0.0,0.0,0.0,2.857142857142857,3.406593406593407
2021-01-26,5.860805860805861,0.0,0.0,0.0,0.0,3.47985347985348,0.0,0.0,0.0,0.0,0.0,0.0,0.0,2.380952380952381,3.47985347985348
2021-01-27,5.457875457875458,0.0,0.0,0.0,0.0,3.5531135531135534,0.0,0.0,0.0,0.0,0.0,0.0,0.0,1.9047619047619049,3.5531135531135534
2021-01-28,5.054945054945055,0.0,0.0,0.0,0.0,3.6263736263736264,0.0,0.0,0.0,0.0,0.0,0.0,0.0,1.4285714285714286,3.6263736263736264
2021-01-29,4.652014652014652,0.0,0.0,0.0,0.0,3.6996336996337,0.0,0.0,0.0,0.0,0.0,0.0,0.0,0.9523809523809526,3.6996336996337
2021-01-30,4.24908424908425,0.0,0.0,0.0,0.0,3.772893772893773,0.0,0.0,0.0,0.0,0.0,0.0,0.0,0.4761904761904763,3.772893772893773
2021-01-31,3.8461538461538463,0.0,0.0,0.0,0.0,3.8461538461538463,0.0,0.0,0.0,0.0,0.0,0.0,0.0,0.0,3.8461538461538463
2021-02-01,3.891941391941392,0.0,0.0,0.0,0.0,3.891941391941392,0.0,0.0,0.0,0.0,0.0,0.0,0.0,0.0,3.891941391941392
2021-02-02,3.9377289377289375,0.0,0.0,0.0,0.0,3.9377289377289375,0.0,0.0,0.0,0.0,0.0,0.0,0.0,0.0,3.9377289377289375
2021-02-03,3.983516483516483,0.0,0.0,0.0,0.0,3.983516483516483,0.0,0.0,0.0,0.0,0.0,0.0,0.0,0.0,3.983516483516483
2021-02-04,4.029304029304029,0.0,0.0,0.0,0.0,4.029304029304029,0.0,0.0,0.0,0.0,0.0,0.0,0.0,0.0,4.029304029304029
2021-02-05,4.075091575091575,0.0,0.0,0.0,0.0,4.075091575091575,0.0,0.0,0.0,0.0,0.0,0.0,0.0,0.0,4.075091575091575
2021-02-06,4.1208791208791204,0.0,0.0,0.0,0.0,4.1208791208791204,0.0,0.0,0.0,0.0,0.0,0.0,0.0,0.0,4.1208791208791204
2021-02-07,4.166666666666666,0.0,0.0,0.0,0.0,4.166666666666666,0.0,0.0,0.0,0.0,0.0,0.0,0.0,0.0,4.166666666666666
2021-02-08,4.22077922077922,0.0,0.0,0.0,0.0,4.22077922077922,0.0,0.0,0.0,0.0,0.0,0.0,0.0,0.0,4.22077922077922
2021-02-09,4.274891774891775,0.0,0.0,0.0,0.0,4.274891774891775,0.0,0.0,0.0,0.0,0.0,0.0,0.0,0.0,4.274891774891775
2021-02-10,4.329004329004329,0.0,0.0,0.0,0.0,4.329004329004329,0.0,0.0,0.0,0.0,0.0,0.0,0.0,0.0,4.329004329004329
2021-02-11,4.383116883116883,0.0,0.0,0.0,0.0,4.383116883116883,0.0,0.0,0.0,0.0,0.0,0.0,0.0,0.0,4.383116883116883
2021-02-12,4.437229437229437,0.0,0.0,0.0,0.0,4.437229437229437,0.0,0.0,0.0,0.0,0.0,0.0,0.0,0.0,4.437229437229437
2021-02-13,4.491341991341992,0.0,0.0,0.0,0.0,4.491341991341992,0.0,0.0,0.0,0.0,0.0,0.0,0.0,0.0,4.491341991341992
2021-02-14,4.545454545454546,0.0,0.0,0.0,0.0,4.545454545454546,0.0,0.0,0.0,0.0,0.0,0.0,0.0,0.0,4.545454545454546
2021-02-15,4.6103896103896105,0.0,0.0,0.0,0.0,4.6103896103896105,0.0,0.0,0.0,0.0,0.0,0.0,0.0,0.0,4.6103896103896105
2021-02-16,4.675324675324676,0.0,0.0,0.0,0.0,4.675324675324676,0.0,0.0,0.0,0.0,0.0,0.0,0.0,0.0,4.675324675324676
2021-02-17,4.740259740259741,0.0,0.0,0.0,0.0,4.740259740259741,0.0,0.0,0.0,0.0,0.0,0.0,0.0,0.0,4.740259740259741
2021-02-18,4.805194805194805,0.0,0.0,0.0,0.0,4.805194805194805,0.0,0.0,0.0,0.0,0.0,0.0,0.0,0.0,4.805194805194805
2021-02-19,4.87012987012987,0.0,0.0,0.0,0.0,4.87012987012987,0.0,0.0,0.0,0.0,0.0,0.0,0.0,0.0,4.87012987012987
2021-02-20,4.935064935064935,0.0,0.0,0.0,0.0,4.935064935064935,0.0,0.0,0.0,0.0,0.0,0.0,0.0,0.0,4.935064935064935
2021-02-21,5.0,0.0,0.0,0.0,0.0,5.0,0.0,0.0,0.0,0.0,0.0,0.0,0.0,0.0,5.0
2021-02-22,5.0,0.0,0.0,0.0,0.0,5.0,0.0,0.0,0.0,0.0,0.0,0.0,0.0,0.0,5.0
2021-02-23,5.0,0.0,0.0,0.0,0.0,5.0,0.0,0.0,0.0,0.0,0.0,0.0,0.0,0.0,5.0
2021-02-24,5.0,0.0,0.0,0.0,0.0,5.0,0.0,0.0,0.0,0.0,0.0,0.0,0.0,0.0,5.0
2021-02-25,5.0,0.0,0.0,0.0,0.0,5.0,0.0,0.0,0.0,0.0,0.0,0.0,0.0,0.0,5.0
2021-02-26,5.0,0.0,0.0,0.0,0.0,5.0,0.0,0.0,0.0,0.0,0.0,0.0,0.0,0.0,5.0
2021-02-27,5.0,0.0,0.0,0.0,0.0,5.0,0.0,0.0,0.0,0.0,0.0,0.0,0.0,0.0,5.0
2021-02-28,5.0,0.0,0.0,0.0,0.0,5.0,0.0,0.0,0.0,0.0,0.0,0.0,0.0,0.0,5.0
2021-03-01,5.0,0.0,0.0,0.0,0.0,5.0,0.0,0.0,0.0,0.0,0.0,0.0,0.0,0.0,5.0
2021-03-02,5.0,0.0,0.0,0.0,0.0,5.0,0.0,0.0,0.0,0.0,0.0,0.0,0.0,0.0,5.0
2021-03-03,5.0,0.0,0.0,0.0,0.0,5.0,0.0,0.0,0.0,0.0,0.0,0.0,0.0,0.0,5.0
2021-03-04,5.0,0.0,0.0,0.0,0.0,5.0,0.0,0.0,0.0,0.0,0.0,0.0,0.0,0.0,5.0
2021-03-05,5.0,0.0,0.0,0.0,0.0,5.0,0.0,0.0,0.0,0.0,0.0,0.0,0.0,0.0,5.0
2021-03-06,5.0,0.0,0.0,0.0,0.0,5.0,0.0,0.0,0.0,0.0,0.0,0.0,0.0,0.0,5.0
2021-03-07,5.0,0.0,0.0,0.0,0.0,5.0,0.0,0.0,0.0,0.0,0.0,0.0,0.0,0.0,5.0
2021-03-08,5.0,0.0,0.0,0.0,0.0,5.0,0.0,0.0,0.0,0.0,0.0,0.0,0.0,0.7142857142857143,5.0
2021-03-09,5.0,0.0,0.0,0.0,0.0,5.0,0.0,0.0,0.0,0.0,0.0,0.0,0.0,1.4285714285714286,5.0
2021-03-10,5.0,0.0,0.0,0.0,0.0,5.0,0.0,0.0,0.0,0.0,0.0,0.0,0.0,2.142857142857143,5.0
2021-03-11,5.0,0.0,0.0,0.0,0.0,5.0,0.0,0.0,0.0,0.0,0.0,0.0,0.0,2.857142857142857,5.0
2021-03-12,5.0,0.0,0.0,0.0,0.0,5.0,0.0,0.0,0.0,0.0,0.0,0.0,0.0,3.5714285714285716,5.0
2021-03-13,5.0,0.0,0.0,0.0,0.0,5.0,0.0,0.0,0.0,0.0,0.0,0.0,0.0,4.285714285714286,5.0
2021-03-14,5.0,0.0,0.0,0.0,0.0,5.0,0.0,0.0,0.0,0.0,0.0,0.0,0.0,5.0,5.0
2021-03-15,4.965986394557823,0.0,0.0,0.0,0.0,5.64625850340136,0.0,0.0,0.0,0.0,0.0,0.0,0.0,4.965986394557823,4.965986394557823
2021-03-16,4.931972789115647,0.0,0.0,0.0,0.0,6.292517006802721,0.0,0.0,0.0,0.0,0.0,0.0,0.0,4.931972789115647,4.931972789115647
2021-03-17,4.8979591836734695,0.0,0.0,0.0,0.0,6.938775510204081,0.0,0.0,0.0,0.0,0.0,0.0,0.0,4.8979591836734695,4.8979591836734695
2021-03-18,4.863945578231292,0.0,0.0,0.0,0.0,7.585034013605442,0.0,0.0,0.0,0.0,0.0,0.0,0.0,4.863945578231292,4.863945578231292
2021-03-19,4.829931972789115,0.0,0.0,0.0,0.0,8.231292517006803,0.0,0.0,0.0,0.0,0.0,0.0,0.0,4.829931972789115,4.829931972789115
2021-03-20,4.795918367346939,0.0,0.0,0.0,0.0,8.877551020408163,0.0,0.0,0.0,0.0,0.0,0.0,0.0,4.795918367346939,4.795918367346939
2021-03-21,4.761904761904762,0.0,0.0,0.0,0.0,9.523809523809524,0.0,0.0,0.0,0.0,0.0,0.0,0.0,4.761904761904762,4.761904761904762
2021-03-22,4.7309833024118735,0.0,0.0,0.0,0.0,9.461966604823747,0.0,0.0,0.0,0.0,0.0,0.0,0.0,4.7309833024118735,4.7309833024118735
2021-03-23,4.700061842918986,0.0,0.0,0.0,0.0,9.400123685837972,0.0,0.0,0.0,0.0,0.0,0.0,0.0,4.700061842918986,4.700061842918986
2021-03-24,4.669140383426098,0.0,0.0,0.0,0.0,9.338280766852195,0.0,0.0,0.0,0.0,0.0,0.0,0.0,4.669140383426098,4.669140383426098
2021-03-25,4.63821892393321,0.0,0.0,0.0,0.0,9.27643784786642,0.0,0.0,0.0,0.0,0.0,0.0,0.0,4.63821892393321,4.63821892393321
2021-03-26,4.607297464440322,0.0,0.0,0.0,0.0,9.214594928880643,0.0,0.0,0.0,0.0,0.0,0.0,0.0,4.607297464440322,4.607297464440322
2021-03-27,4.576376004947434,0.0,0.0,0.0,0.0,9.152752009894868,0.0,0.0,0.0,0.0,0.0,0.0,0.0,4.576376004947434,4.576376004947434
2021-03-28,4.545454545454546,0.0,0.0,0.0,0.0,9.090909090909092,0.0,0.0,0.0,0.0,0.0,0.0,0.0,4.545454545454546,4.545454545454546
2021-03-29,4.517221908526257,0.0,0.0,0.0,0.0,9.034443817052514,0.0,0.0,0.0,0.0,0.0,0.0,0.0,4.517221908526257,4.517221908526257
2021-03-30,4.488989271597967,0.0,0.0,0.0,0.0,8.977978543195935,0.0,0.0,0.0,0.0,0.0,0.0,0.0,4.488989271597967,4.488989271597967
2021-03-31,4.4607566346696785,0.0,0.0,0.0,0.0,8.921513269339357,0.0,0.0,0.0,0.0,0.0,0.0,0.0,4.4607566346696785,4.4607566346696785
2021-04-01,4.432523997741389,0.0,0.0,0.0,0.0,8.865047995482778,0.0,0.0,0.0,0.0,0.0,0.0,0.0,4.432523997741389,4.432523997741389
2021-04-02,4.4042913608131,0.0,0.0,0.0,0.0,8.8085827216262,0.0,0.0,0.0,0.0,0.0,0.0,0.0,4.4042913608131,4.4042913608131
2021-04-03,4.37605872388481,0.0,0.0,0.0,0.0,8.75211744776962,0.0,0.0,0.0,0.0,0.0,0.0,0.0,4.37605872388481,4.37605872388481
2021-04-04,4.3478260869565215,0.0,0.0,0.0,0.0,8.695652173913043,0.0,0.0,0.0,0.0,0.0,0.0,0.0,4.3478260869565215,4.3478260869565215
2021-04-05,4.37605872388481,0.0,0.0,0.0,0.0,8.75211744776962,0.0,0.0,0.0,0.0,0.0,0.0,0.0,4.37605872388481,4.37605872388481
2021-04-06,4.4042913608131,0.0,0.0,0.0,0.0,8.8085827216262,0.0,0.0,0.0,0.0,0.0,0.0,0.0,4.4042913608131,4.4042913608131
2021-04-07,4.432523997741389,0.0,0.0,0.0,0.0,8.865047995482778,0.0,0.0,0.0,0.0,0.0,0.0,0.0,4.432523997741389,4.432523997741389
2021-04-08,4.4607566346696785,0.0,0.0,0.0,0.0,8.921513269339357,0.0,0.0,0.0,0.0,0.0,0.0,0.0,4.4607566346696785,4.4607566346696785
2021-04-09,4.488989271597967,0.0,0.0,0.0,0.0,8.977978543195935,0.0,0.0,0.0,0.0,0.0,0.0,0.0,4.488989271597967,4.488989271597967
2021-04-10,4.517221908526257,0.0,0.0,0.0,0.0,9.034443817052514,0.0,0.0,0.0,0.0,0.0,0.0,0.0,4.517221908526257,4.517221908526257
2021-04-11,4.545454545454546,0.0,0.0,0.0,0.0,9.090909090909092,0.0,0.0,0.0,0.0,0.0,0.0,0.0,4.545454545454546,4.545454545454546
2021-04-12,4.6479835953520166,0.0,0.0,0.0,0.0,9.295967190704033,0.7518796992481203,0.0,0.0,0.0,0.0,0.0,0.0,4.6479835953520166,4.6479835953520166
2021-04-13,4.750512645249487,0.0,0.0,0.0,0.0,9.501025290498974,1.5037593984962405,0.0,0.0,0.0,0.0,0.0,0.0,4.750512645249487,4.750512645249487
2021-04-14,4.853041695146958,0.0,0.0,0.0,0.0,9.706083390293916,2.2556390977443606,0.0,0.0,0.0,0.0,0.0,0.0,4.853041695146958,4.853041695146958
2021-04-15,4.9555707450444295,0.0,0.0,0.0,0.0,9.911141490088859,3.007518796992481,0.0,0.0,0.0,0.0,0.0,0.0,4.9555707450444295,4.9555707450444295
2021-04-16,5.0580997949419,0.0,0.0,0.0,0.0,10.1161995898838,3.759398496240601,0.0,0.0,0.0,0.0,0.0,0.0,5.0580997949419,5.0580997949419
2021-04-17,5.160628844839371,0.0,0.0,0.0,0.0,10.321257689678742,4.511278195488721,0.0,0.0,0.0,0.0,0.0,0.0,5.160628844839371,5.160628844839371
2021-04-18,5.263157894736842,0.0,0.0,0.0,0.0,10.526315789473683,5.263157894736842,0.0,0.0,0.0,0.0,0.0,0.0,5.263157894736842,5.263157894736842
2021-04-19,5.160628844839371,0.0,0.0,0.0,0.0,10.321257689678742,4.511278195488721,0.0,0.0,0.0,0.0,0.0,0.0,5.80997949419002,5.160628844839371
2021-04-20,5.0580997949419,0.0,0.0,0.0,0.0,10.1161995898838,3.759398496240601,0.0,0.0,0.0,0.0,0.0,0.0,6.356801093643199,5.0580997949419
2021-04-21,4.9555707450444295,0.0,0.0,0.0,0.0,9.911141490088859,3.007518796992481,0.0,0.0,0.0,0.0,0.0,0.0,6.903622693096377,4.9555707450444295
2021-04-22,4.853041695146958,0.0,0.0,0.0,0.0,9.706083390293916,2.2556390977443606,0.0,0.0,0.0,0.0,0.0,0.0,7.450444292549555,4.853041695146958
2021-04-23,4.750512645249487,0.0,0.0,0.0,0.0,9.501025290498974,1.5037593984962405,0.0,0.0,0.0,0.0,0.0,0.0,7.997265892002734,4.750512645249487
2021-04-24,4.6479835953520166,0.0,0.0,0.0,0.0,9.295967190704033,0.7518796992481205,0.0,0.0,0.0,0.0,0.0,0.0,8.544087491455914,4.6479835953520166
2021-04-25,4.545454545454546,0.0,0.0,0.0,0.0,9.090909090909092,0.0,0.0,0.0,0.0,0.0,0.0,0.0,9.090909090909092,4.545454545454546
2021-04-26,4.576376004947434,0.0,0.0,0.0,0.0,9.152752009894868,0.6802721088435375,0.0,0.0,0.0,0.0,0.0,0.0,8.472479901051331,4.576376004947434
2021-04-27,4.607297464440322,0.0,0.0,0.0,0.0,9.214594928880643,1.360544217687075,0.0,0.0,0.0,0.0,0.0,0.0,7.854050711193569,4.607297464440322
2021-04-28,4.63821892393321,0.0,0.0,0.0,0.0,9.27643784786642,2.0408163265306123,0.0,0.0,0.0,0.0,0.0,0.0,7.2356215213358075,4.63821892393321
2021-04-29,4.669140383426098,0.0,0.0,0.0,0.0,9.338280766852195,2.72108843537415,0.0,0.0,0.0,0.0,0.0,0.0,6.617192331478046,4.669140383426098
2021-04-30,4.700061842918986,0.0,0.0,0.0,0.0,9.400123685837972,3.4013605442176873,0.0,0.0,0.0,0.0,0.0,0.0,5.998763141620286,4.700061842918986
2021-05-01,4.7309833024118735,0.0,0.0,0.0,0.0,9.461966604823747,4.081632653061225,0.0,0.0,0.0,0.0,0.0,0.0,5.380333951762523,4.7309833024118735
2021-05-02,4.761904761904762,0.0,0.0,0.0,0.0,9.523809523809524,4.761904761904762,0.0,0.0,0.0,0.0,0.0,0.0,4.761904761904762,4.761904761904762
2021-05-03,4.875283446712018,0.0,0.0,0.0,0.0,9.750566893424036,4.875283446712018,0.0,0.0,0.0,0.0,0.0,0.0,4.081632653061225,4.875283446712018
2021-05-04,4.988662131519274,0.0,0.0,0.0,0.0,9.977324263038549,4.988662131519274,0.0,0.0,0.0,0.0,0.0,0.0,3.401360544217687,4.988662131519274
2021-05-05,5.1020408163265305,0.0,0.0,0.0,0.0,10.204081632653061,5.1020408163265305,0.0,0.0,0.0,0.0,0.0,0.0,2.7210884353741496,5.1020408163265305
2021-05-06,5.215419501133787,0.0,0.0,0.0,0.0,10.430839002267573,5.215419501133787,0.0,0.0,0.0,0.0,0.0,0.0,2.040816326530612,5.215419501133787
2021-05-07,5.328798185941043,0.0,0.0,0.0,0.0,10.657596371882086,5.328798185941043,0.0,0.0,0.0,0.0,0.0,0.0,1.3605442176870746,5.328798185941043
2021-05-08,5.442176870748299,0.0,0.0,0.0,0.0,10.884353741496598,5.442176870748299,0.0,0.0,0.0,0.0,0.0,0.0,0.6802721088435373,5.442176870748299
2021-05-09,5.555555555555555,0.0,0.0,0.0,0.0,11.11111111111111,5.555555555555555,0.0,0.0,0.0,0.0,0.0,0.0,0.0,5.555555555555555
2021-05-10,5.513784461152882,0.0,0.0,0.0,0.0,11.027568922305765,5.513784461152882,0.0,0.0,0.0,0.0,0.0,0.0,0.0,5.513784461152882
2021-05-11,5.472013366750208,0.0,0.0,0.0,0.0,10.944026733500417,5.472013366750208,0.0,0.0,0.0,0.0,0.0,0.0,0.0,5.472013366750208
2021-05-12,5.430242272347535,0.0,0.0,0.0,0.0,10.86048454469507,5.430242272347535,0.0,0.0,0.0,0.0,0.0,0.0,0.0,5.430242272347535
2021-05-13,5.3884711779448615,0.0,0.0,0.0,0.0,10.776942355889723,5.3884711779448615,0.0,0.0,0.0,0.0,0.0,0.0,0.0,5.3884711779448615
2021-05-14,5.3467000835421885,0.0,0.0,0.0,0.0,10.693400167084377,5.3467000835421885,0.0,0.0,0.0,0.0,0.0,0.0,0.0,5.3467000835421885
2021-05-15,5.304928989139515,0.0,0.0,0.0,0.0,10.60985797827903,5.304928989139515,0.0,0.0,0.0,0.0,0.0,0.0,0.0,5.304928989139515
2021-05-16,5.263157894736842,0.0,0.0,0.0,0.0,10.526315789473683,5.263157894736842,0.0,0.0,0.0,0.0,0.0,0.0,0.0,5.263157894736842
2021-05-17,5.404135338345864,0.0,0.0,0.0,0.0,11.701127819548871,5.404135338345864,0.0,0.0,0.0,0.0,0.0,0.0,0.0,5.404135338345864
2021-05-18,5.545112781954887,0.0,0.0,0.0,0.0,12.875939849624059,5.545112781954887,0.0,0.0,0.0,0.0,0.0,0.0,0.0,5.545112781954887
2021-05-19,5.68609022556391,0.0,0.0,0.0,0.0,14.050751879699249,5.68609022556391,0.0,0.0,0.0,0.0,0.0,0.0,0.0,5.68609022556391
2021-05-20,5.827067669172932,0.0,0.0,0.0,0.0,15.225563909774436,5.827067669172932,0.0,0.0,0.0,0.0,0.0,0.0,0.0,5.827067669172932
2021-05-21,5.9680451127819545,0.0,0.0,0.0,0.0,16.400375939849624,5.9680451127819545,0.0,0.0,0.0,0.0,0.0,0.0,0.0,5.9680451127819545
2021-05-22,6.109022556390977,0.0,0.0,0.0,0.0,17.575187969924812,6.109022556390977,0.0,0.0,0.0,0.0,0.0,0.0,0.0,6.109022556390977
2021-05-23,6.25,0.0,0.0,0.0,0.0,18.75,6.25,0.0,0.0,0.0,0.0,0.0,0.0,0.0,6.25
2021-05-24,6.150793650793651,0.0,0.0,0.0,0.0,18.452380952380953,6.150793650793651,0.0,0.0,0.0,0.0,0.0,0.0,0.0,6.150793650793651
2021-05-25,6.051587301587301,0.0,0.0,0.0,0.0,18.154761904761905,6.051587301587301,0.0,0.0,0.0,0.0,0.0,0.0,0.0,6.051587301587301
2021-05-26,5.9523809523809526,0.0,0.0,0.0,0.0,17.857142857142858,5.9523809523809526,0.0,0.0,0.0,0.0,0.0,0.0,0.0,5.9523809523809526
2021-05-27,5.853174603174603,0.0,0.0,0.0,0.0,17.559523809523807,5.853174603174603,0.0,0.0,0.0,0.0,0.0,0.0,0.0,5.853174603174603
2021-05-28,5.753968253968254,0.0,0.0,0.0,0.0,17.26190476190476,5.753968253968254,0.0,0.0,0.0,0.0,0.0,0.0,0.0,5.753968253968254
2021-05-29,5.654761904761904,0.0,0.0,0.0,0.0,16.96428571428571,5.654761904761904,0.0,0.0,0.0,0.0,0.0,0.0,0.0,5.654761904761904
2021-05-30,5.555555555555555,0.0,0.0,0.0,0.0,16.666666666666664,5.555555555555555,0.0,0.0,0.0,0.0,0.0,0.0,0.0,5.555555555555555
2021-05-31,5.333333333333333,0.0,0.0,0.0,0.0,16.57142857142857,5.333333333333333,0.0,0.0,0.0,0.0,0.0,0.0,0.0,5.333333333333333
2021-06-01,5.111111111111111,0.0,0.0,0.0,0.0,16.476190476190474,5.111111111111111,0.0,0.0,0.0,0.0,0.0,0.0,0.0,5.111111111111111
2021-06-02,4.888888888888889,0.0,0.0,0.0,0.0,16.38095238095238,4.888888888888889,0.0,0.0,0.0,0.0,0.0,0.0,0.0,4.888888888888889
2021-06-03,4.666666666666667,0.0,0.0,0.0,0.0,16.285714285714285,4.666666666666667,0.0,0.0,0.0,0.0,0.0,0.0,0.0,4.666666666666667
2021-06-04,4.444444444444445,0.0,0.0,0.0,0.0,16.19047619047619,4.444444444444445,0.0,0.0,0.0,0.0,0.0,0.0,0.0,4.444444444444445
2021-06-05,4.222222222222222,0.0,0.0,0.0,0.0,16.095238095238095,4.222222222222222,0.0,0.0,0.0,0.0,0.0,0.0,0.0,4.222222222222222
2021-06-06,4.0,0.0,0.0,0.0,0.0,16.0,4.0,0.0,0.0,0.0,0.0,0.0,0.0,0.0,4.0
2021-06-07,4.049689440993789,0.0,0.0,0.0,0.0,15.267080745341614,3.739130434782609,0.0,0.0,0.0,0.0,0.3105590062111801,0.0,0.6211180124223602,3.739130434782609
2021-06-08,4.099378881987578,0.0,0.0,0.0,0.0,14.53416149068323,3.4782608695652173,0.0,0.0,0.0,0.0,0.6211180124223602,0.0,1.2422360248447204,3.4782608695652173
2021-06-09,4.149068322981367,0.0,0.0,0.0,0.0,13.801242236024844,3.217391304347826,0.0,0.0,0.0,0.0,0.9316770186335404,0.0,1.8633540372670807,3.217391304347826
2021-06-10,4.198757763975155,0.0,0.0,0.0,0.0,13.06832298136646,2.9565217391304346,0.0,0.0,0.0,0.0,1.2422360248447204,0.0,2.484472049689441,2.9565217391304346
2021-06-11,4.248447204968944,0.0,0.0,0.0,0.0,12.335403726708075,2.6956521739130435,0.0,0.0,0.0,0.0,1.5527950310559007,0.0,3.1055900621118013,2.6956521739130435
2021-06-12,4.298136645962733,0.0,0.0,0.0,0.0,11.602484472049689,2.4347826086956523,0.0,0.0,0.0,0.0,1.8633540372670807,0.0,3.7267080745341614,2.4347826086956523
2021-06-13,4.3478260869565215,0.0,0.0,0.0,0.0,10.869565217391305,2.1739130434782608,0.0,0.0,0.0,0.0,2.1739130434782608,0.0,4.3478260869565215,2.1739130434782608
2021-06-14,4.298136645962733,0.0,0.0,0.0,0.0,13.03105590062112,2.434782608695652,0.0,0.0,0.0,0.0,2.720496894409938,0.0,4.583850931677018,3.5776397515527947
2021-06-15,4.248447204968944,0.0,0.0,0.0,0.0,15.192546583850932,2.6956521739130435,0.0,0.0,0.0,0.0,3.267080745341615,0.0,4.819875776397516,4.9813664596273295
2021-06-16,4.198757763975155,0.0,0.0,0.0,0.0,17.354037267080745,2.9565217391304346,0.0,0.0,0.0,0.0,3.813664596273292,0.0,5.055900621118012,6.385093167701863
2021-06-17,4.149068322981367,0.0,0.0,0.0,0.0,19.51552795031056,3.217391304347826,0.0,0.0,0.0,0.0,4.3602484472049685,0.0,5.291925465838509,7.788819875776397
2021-06-18,4.099378881987578,0.0,0.0,0.0,0.0,21.67701863354037,3.4782608695652173,0.0,0.0,0.0,0.0,4.906832298136646,0.0,5.527950310559007,9.19254658385093
2021-06-19,4.049689440993789,0.0,0.0,0.0,0.0,23.838509316770185,3.7391304347826084,0.0,0.0,0.0,0.0,5.453416149068323,0.0,5.763975155279503,10.596273291925467
2021-06-20,4.0,0.0,0.0,0.0,0.0,26.0,4.0,0.0,0.0,0.0,0.0,6.0,0.0,6.0,12.0
2021-06-21,4.023809523809524,0.0,0.0,0.0,0.0,27.345238095238095,4.321428571428571,0.0,0.0,0.0,0.0,5.738095238095238,0.0,6.035714285714286,13.857142857142858
2021-06-22,4.0476190476190474,0.0,0.0,0.0,0.0,28.69047619047619,4.642857142857142,0.0,0.0,0.0,0.0,5.476190476190476,0.0,6.071428571428571,15.714285714285715
2021-06-23,4.071428571428571,0.0,0.0,0.0,0.0,30.03571428571429,4.964285714285714,0.0,0.0,0.0,0.0,5.214285714285714,0.0,6.107142857142857,17.571428571428573
2021-06-24,4.095238095238095,0.0,0.0,0.0,0.0,31.380952380952383,5.285714285714286,0.0,0.0,0.0,0.0,4.9523809523809526,0.0,6.142857142857143,19.42857142857143
2021-06-25,4.119047619047619,0.0,0.0,0.0,0.0,32.72619047619048,5.607142857142857,0.0,0.0,0.0,0.0,4.69047619047619,0.0,6.178571428571429,21.285714285714285
2021-06-26,4.142857142857142,0.0,0.0,0.0,0.0,34.07142857142858,5.928571428571429,0.0,0.0,0.0,0.0,4.428571428571428,0.0,6.214285714285714,23.142857142857146
2021-06-27,4.166666666666666,0.0,0.0,0.0,0.0,35.41666666666667,6.25,0.0,0.0,0.0,0.0,4.166666666666666,0.0,6.25,25.0
2021-06-28,4.235880398671096,0.0,0.0,0.0,0.0,35.00830564784054,6.0215946843853825,0.0,0.0,0.0,0.0,3.9036544850498336,0.0,6.0215946843853825,23.754152823920265
2021-06-29,4.305094130675526,0.0,0.0,0.0,0.0,34.5999446290144,5.793189368770764,0.0,0.0,0.0,0.0,3.6406423034330007,0.0,5.793189368770764,22.50830564784053
2021-06-30,4.374307862679956,0.0,0.0,0.0,0.0,34.19158361018827,5.5647840531561465,0.0,0.0,0.0,0.0,3.377630121816168,0.0,5.5647840531561465,21.262458471760798
2021-07-01,4.443521594684385,0.0,0.0,0.0,0.0,33.783222591362126,5.336378737541528,0.0,0.0,0.0,0.0,3.1146179401993352,0.0,5.336378737541528,20.016611295681063
2021-07-02,4.512735326688815,0.0,0.0,0.0,0.0,33.37486157253599,5.107973421926911,0.0,0.0,0.0,0.0,2.8516057585825028,0.0,5.107973421926911,18.770764119601328
2021-07-03,4.581949058693245,0.0,0.0,0.0,0.0,32.96650055370986,4.879568106312292,0.0,0.0,0.0,0.0,2.5885935769656703,0.0,4.879568106312292,17.524916943521596
2021-07-04,4.651162790697675,0.0,0.0,0.0,0.0,32.55813953488372,4.651162790697675,0.0,0.0,0.0,0.0,2.3255813953488373,0.0,4.651162790697675,16.27906976744186
2021-07-05,4.372811349555536,0.0,0.0,0.0,0.0,32.54018137739068,4.758911735655922,0.0,0.0,0.0,0.0,2.379455867827961,0.0,4.372811349555536,16.656191074795725
2021-07-06,4.094459908413397,0.0,0.0,0.0,0.0,32.52222321989764,4.866660680614169,0.0,0.0,0.0,0.0,2.4333303403070845,0.0,4.094459908413397,17.033312382149592
2021-07-07,3.816108467271258,0.0,0.0,0.0,0.0,32.5042650624046,4.974409625572417,0.0,0.0,0.0,0.0,2.4872048127862083,0.0,3.816108467271258,17.410433689503456
2021-07-08,3.5377570261291194,0.0,0.0,0.0,0.0,32.48630690491156,5.082158570530663,0.0,0.0,0.0,0.0,2.5410792852653317,0.0,3.5377570261291194,17.787554996857324
2021-07-09,3.2594055849869803,0.0,0.0,0.0,0.0,32.46834874741852,5.189907515488911,0.0,0.0,0.0,0.0,2.5949537577444555,0.0,3.2594055849869803,18.164676304211188
2021-07-10,2.9810541438448412,0.0,0.0,0.0,0.0,32.450390589925476,5.297656460447158,0.0,0.0,0.0,0.0,2.648828230223579,0.0,2.9810541438448412,18.541797611565052
2021-07-11,2.7027027027027026,0.0,0.0,0.0,0.0,32.432432432432435,5.405405405405405,0.0,0.0,0.0,0.0,2.7027027027027026,0.0,2.7027027027027026,18.91891891891892
2021-07-12,3.2382613027774316,0.0,0.0,0.0,0.0,31.946693237015822,5.5548636193797485,0.0,0.0,0.0,0.0,2.7774318096898742,0.0,2.7774318096898742,18.059534188566445
2021-07-13,3.7738199028521606,0.0,0.0,0.0,0.0,31.460954041599205,5.704321833354091,0.0,0.0,0.0,0.0,2.8521609166770454,0.0,2.8521609166770454,17.200149458213975
2021-07-14,4.30937850292689,0.0,0.0,0.0,0.0,30.975214846182592,5.853780047328434,0.0,0.0,0.0,0.0,2.926890023664217,0.0,2.926890023664217,16.3407647278615
2021-07-15,4.8449371030016195,0.0,0.0,0.0,0.0,30.489475650765975,6.003238261302777,0.0,0.0,0.0,0.0,3.0016191306513886,0.0,3.0016191306513886,15.48137999750903
2021-07-16,5.380495703076348,0.0,0.0,0.0,0.0,30.00373645534936,6.1526964752771205,0.0,0.0,0.0,0.0,3.0763482376385602,0.0,3.0763482376385602,14.621995267156557
2021-07-17,5.916054303151077,0.0,0.0,0.0,0.0,29.51799725993275,6.302154689251463,0.0,0.0,0.0,0.0,3.1510773446257314,0.0,3.1510773446257314,13.762610536804086
2021-07-18,6.451612903225806,0.0,0.0,0.0,0.0,29.03225806451613,6.451612903225806,0.0,0.0,0.0,0.0,3.225806451612903,0.0,3.225806451612903,12.903225806451612
2021-07-19,5.990783410138248,0.0,0.0,0.0,0.0,28.571428571428573,6.451612903225806,0.0,0.0,0.0,0.0,3.225806451612903,0.0,2.7649769585253456,12.442396313364055
2021-07-20,5.529953917050691,0.0,0.0,0.0,0.0,28.110599078341014,6.451612903225806,0.0,0.0,0.0,0.0,3.225806451612903,0.0,2.304147465437788,11.981566820276496
2021-07-21,5.0691244239631335,0.0,0.0,0.0,0.0,27.649769585253456,6.451612903225806,0.0,0.0,0.0,0.0,3.225806451612903,0.0,1.8433179723502304,11.52073732718894
2021-07-22,4.608294930875576,0.0,0.0,0.0,0.0,27.1889400921659,6.451612903225806,0.0,0.0,0.0,0.0,3.225806451612903,0.0,1.3824884792626728,11.059907834101383
2021-07-23,4.147465437788018,0.0,0.0,0.0,0.0,26.72811059907834,6.451612903225806,0.0,0.0,0.0,0.0,3.225806451612903,0.0,0.9216589861751152,10.599078341013826
2021-07-24,3.686635944700461,0.0,0.0,0.0,0.0,26.267281105990783,6.451612903225806,0.0,0.0,0.0,0.0,3.225806451612903,0.0,0.46082949308755783,10.138248847926267
2021-07-25,3.225806451612903,0.0,0.0,0.0,0.0,25.806451612903224,6.451612903225806,0.0,0.0,0.0,0.0,3.225806451612903,0.0,0.0,9.67741935483871
2021-07-26,3.7501986334021926,0.0,0.0,0.0,0.0,26.060702367710153,6.022564754489115,0.0,0.0,0.0,0.0,3.257587795963769,0.0,0.4926108374384236,9.772763387891308
2021-07-27,4.274590815191482,0.0,0.0,0.0,0.0,26.314953122517082,5.593516605752423,0.0,0.0,0.0,0.0,3.2893691403146352,0.0,0.9852216748768472,9.868107420943906
2021-07-28,4.798982996980772,0.0,0.0,0.0,0.0,26.56920387732401,5.164468457015731,0.0,0.0,0.0,0.0,3.3211504846655013,0.0,1.477832512315271,9.963451453996504
2021-07-29,5.323375178770062,0.0,0.0,0.0,0.0,26.823454632130936,4.73542030827904,0.0,0.0,0.0,0.0,3.352931829016367,0.0,1.9704433497536944,10.058795487049103
2021-07-30,5.847767360559351,0.0,0.0,0.0,0.0,27.077705386937865,4.306372159542349,0.0,0.0,0.0,0.0,3.384713173367233,0.0,2.463054187192118,10.154139520101701
2021-07-31,6.372159542348641,0.0,0.0,0.0,0.0,27.331956141744794,3.8773240108056566,0.0,0.0,0.0,0.0,3.416494517718099,0.0,2.955665024630542,10.249483553154299
2021-08-01,6.896551724137931,0.0,0.0,0.0,0.0,27.586206896551722,3.4482758620689653,0.0,0.0,0.0,0.0,3.4482758620689653,0.0,3.4482758620689653,10.344827586206897
2021-08-02,6.482758620689655,0.0,0.0,0.0,0.0,28.216748768472904,3.527093596059113,0.0,0.0,0.0,0.0,2.955665024630542,0.0,2.955665024630542,10.58128078817734
2021-08-03,6.068965517241379,0.0,0.0,0.0,0.0,28.84729064039409,3.605911330049261,0.0,0.0,0.0,0.0,2.4630541871921183,0.0,2.4630541871921183,10.817733990147783
2021-08-04,5.655172413793103,0.0,0.0,0.0,0.0,29.47783251231527,3.684729064039409,0.0,0.0,0.0,0.0,1.9704433497536944,0.0,1.9704433497536944,11.054187192118226
2021-08-05,5.241379310344827,0.0,0.0,0.0,0.0,30.108374384236452,3.7635467980295565,0.0,0.0,0.0,0.0,1.477832512315271,0.0,1.477832512315271,11.29064039408867
2021-08-06,4.827586206896552,0.0,0.0,0.0,0.0,30.738916256157637,3.8423645320197046,0.0,0.0,0.0,0.0,0.9852216748768474,0.0,0.9852216748768474,11.527093596059114
2021-08-07,4.413793103448276,0.0,0.0,0.0,0.0,31.36945812807882,3.9211822660098523,0.0,0.0,0.0,0.0,0.4926108374384235,0.0,0.4926108374384235,11.763546798029557
2021-08-08,4.0,0.0,0.0,0.0,0.0,32.0,4.0,0.0,0.0,0.0,0.0,0.0,0.0,0.0,12.0
2021-08-09,4.077922077922078,0.0,0.0,0.0,0.0,31.974025974025974,4.077922077922078,0.0,0.0,0.0,0.0,0.0,0.0,0.0,11.584415584415584
2021-08-10,4.155844155844156,0.0,0.0,0.0,0.0,31.948051948051948,4.155844155844156,0.0,0.0,0.0,0.0,0.0,0.0,0.0,11.168831168831169
2021-08-11,4.233766233766234,0.0,0.0,0.0,0.0,31.92207792207792,4.233766233766234,0.0,0.0,0.0,0.0,0.0,0.0,0.0,10.753246753246753
2021-08-12,4.311688311688312,0.0,0.0,0.0,0.0,31.896103896103895,4.311688311688312,0.0,0.0,0.0,0.0,0.0,0.0,0.0,10.337662337662339
2021-08-13,4.3896103896103895,0.0,0.0,0.0,0.0,31.87012987012987,4.3896103896103895,0.0,0.0,0.0,0.0,0.0,0.0,0.0,9.922077922077923
2021-08-14,4.467532467532468,0.0,0.0,0.0,0.0,31.844155844155843,4.467532467532468,0.0,0.0,0.0,0.0,0.0,0.0,0.0,9.506493506493507
2021-08-15,4.545454545454546,0.0,0.0,0.0,0.0,31.818181818181817,4.545454545454546,0.0,0.0,0.0,0.0,0.0,0.0,0.0,9.090909090909092
2021-08-16,4.576376004947434,0.0,0.0,0.0,0.0,32.03463203463203,4.576376004947434,0.0,0.0,0.0,0.0,0.0,0.0,0.0,9.152752009894868
2021-08-17,4.607297464440322,0.0,0.0,0.0,0.0,32.25108225108225,4.607297464440322,0.0,0.0,0.0,0.0,0.0,0.0,0.0,9.214594928880643
2021-08-18,4.63821892393321,0.0,0.0,0.0,0.0,32.467532467532465,4.63821892393321,0.0,0.0,0.0,0.0,0.0,0.0,0.0,9.27643784786642
2021-08-19,4.669140383426098,0.0,0.0,0.0,0.0,32.68398268398268,4.669140383426098,0.0,0.0,0.0,0.0,0.0,0.0,0.0,9.338280766852195
2021-08-20,4.700061842918986,0.0,0.0,0.0,0.0,32.9004329004329,4.700061842918986,0.0,0.0,0.0,0.0,0.0,0.0,0.0,9.400123685837972
2021-08-21,4.7309833024118735,0.0,0.0,0.0,0.0,33.116883116883116,4.7309833024118735,0.0,0.0,0.0,0.0,0.0,0.0,0.0,9.461966604823747
2021-08-22,4.761904761904762,0.0,0.0,0.0,0.0,33.33333333333333,4.761904761904762,0.0,0.0,0.0,0.0,0.0,0.0,0.0,9.523809523809524
2021-08-23,4.833512352309345,0.0,0.0,0.0,0.0,33.08270676691729,4.833512352309345,0.0,0.0,0.0,0.0,0.0,0.0,0.0,9.66702470461869
2021-08-24,4.905119942713927,0.0,0.0,0.0,0.0,32.83208020050125,4.905119942713927,0.0,0.0,0.0,0.0,0.0,0.0,0.0,9.810239885427855
2021-08-25,4.976727533118511,0.0,0.0,0.0,0.0,32.58145363408521,4.976727533118511,0.0,0.0,0.0,0.0,0.0,0.0,0.0,9.953455066237021
2021-08-26,5.048335123523093,0.0,0.0,0.0,0.0,32.33082706766917,5.048335123523093,0.0,0.0,0.0,0.0,0.0,0.0,0.0,10.096670247046186
2021-08-27,5.119942713927676,0.0,0.0,0.0,0.0,32.08020050125313,5.119942713927676,0.0,0.0,0.0,0.0,0.0,0.0,0.0,10.239885427855352
2021-08-28,5.191550304332258,0.0,0.0,0.0,0.0,31.82957393483709,5.191550304332258,0.0,0.0,0.0,0.0,0.0,0.0,0.0,10.383100608664517
2021-08-29,5.263157894736842,0.0,0.0,0.0,0.0,31.57894736842105,5.263157894736842,0.0,0.0,0.0,0.0,0.0,0.0,0.0,10.526315789473683
2021-08-30,5.351614329942503,0.0,0.0,0.0,0.0,32.10968597965502,5.351614329942503,0.0,0.0,0.0,0.0,0.0,0.0,0.0,10.703228659885006
2021-08-31,5.440070765148164,0.0,0.0,0.0,0.0,32.64042459088898,5.440070765148164,0.0,0.0,0.0,0.0,0.0,0.0,0.0,10.880141530296328
2021-09-01,5.5285272003538255,0.0,0.0,0.0,0.0,33.171163202122955,5.5285272003538255,0.0,0.0,0.0,0.0,0.0,0.0,0.0,11.057054400707651
2021-09-02,5.616983635559486,0.0,0.0,0.0,0.0,33.701901813356926,5.616983635559486,0.0,0.0,0.0,0.0,0.0,0.0,0.0,11.233967271118972
2021-09-03,5.705440070765148,0.0,0.0,0.0,0.0,34.23264042459089,5.705440070765148,0.0,0.0,0.0,0.0,0.0,0.0,0.0,11.410880141530296
2021-09-04,5.7938965059708085,0.0,0.0,0.0,0.0,34.763379035824855,5.7938965059708085,0.0,0.0,0.0,0.0,0.0,0.0,0.0,11.587793011941617
2021-09-05,5.88235294117647,0.0,0.0,0.0,0.0,35.294117647058826,5.88235294117647,0.0,0.0,0.0,0.0,0.0,0.0,0.0,11.76470588235294
2021-09-06,5.88235294117647,0.0,0.0,0.0,0.0,34.45378151260505,5.88235294117647,0.0,0.0,0.0,0.0,0.0,0.0,0.0,11.76470588235294
2021-09-07,5.88235294117647,0.0,0.0,0.0,0.0,33.61344537815126,5.88235294117647,0.0,0.0,0.0,0.0,0.0,0.0,0.0,11.76470588235294
2021-09-08,5.88235294117647,0.0,0.0,0.0,0.0,32.77310924369748,5.88235294117647,0.0,0.0,0.0,0.0,0.0,0.0,0.0,11.76470588235294
2021-09-09,5.88235294117647,0.0,0.0,0.0,0.0,31.932773109243698,5.88235294117647,0.0,0.0,0.0,0.0,0.0,0.0,0.0,11.76470588235294
2021-09-10,5.88235294117647,0.0,0.0,0.0,0.0,31.09243697478992,5.88235294117647,0.0,0.0,0.0,0.0,0.0,0.0,0.0,11.76470588235294
2021-09-11,5.88235294117647,0.0,0.0,0.0,0.0,30.252100840336137,5.88235294117647,0.0,0.0,0.0,0.0,0.0,0.0,0.0,11.76470588235294
2021-09-12,5.88235294117647,0.0,0.0,0.0,0.0,29.411764705882355,5.88235294117647,0.0,0.0,0.0,0.0,0.0,0.0,0.0,11.76470588235294
2021-09-13,5.7938965059708085,0.0,0.0,0.0,0.0,28.969482529854048,5.7938965059708085,0.0,0.0,0.0,0.0,0.0,0.0,0.0,11.587793011941617
2021-09-14,5.705440070765148,0.0,0.0,0.0,0.0,28.52720035382574,5.705440070765148,0.0,0.0,0.0,0.0,0.0,0.0,0.0,11.410880141530296
2021-09-15,5.616983635559486,0.0,0.0,0.0,0.0,28.084918177797434,5.616983635559486,0.0,0.0,0.0,0.0,0.0,0.0,0.0,11.233967271118972
2021-09-16,5.5285272003538255,0.0,0.0,0.0,0.0,27.64263600176913,5.5285272003538255,0.0,0.0,0.0,0.0,0.0,0.0,0.0,11.057054400707651
2021-09-17,5.440070765148164,0.0,0.0,0.0,0.0,27.200353825740823,5.440070765148164,0.0,0.0,0.0,0.0,0.0,0.0,0.0,10.880141530296328
2021-09-18,5.351614329942503,0.0,0.0,0.0,0.0,26.758071649712516,5.351614329942503,0.0,0.0,0.0,0.0,0.0,0.0,0.0,10.703228659885006
2021-09-19,5.263157894736842,0.0,0.0,0.0,0.0,26.31578947368421,5.263157894736842,0.0,0.0,0.0,0.0,0.0,0.0,0.0,10.526315789473683
2021-09-20,5.160628844839371,0.0,0.0,0.0,0.0,26.452494873547504,5.160628844839371,0.0,0.0,0.0,0.0,0.0,0.0,0.6493506493506493,10.321257689678742
2021-09-21,5.0580997949419,0.0,0.0,0.0,0.0,26.589200273410796,5.0580997949419,0.0,0.0,0.0,0.0,0.0,0.0,1.2987012987012987,10.1161995898838
2021-09-22,4.9555707450444295,0.0,0.0,0.0,0.0,26.72590567327409,4.9555707450444295,0.0,0.0,0.0,0.0,0.0,0.0,1.948051948051948,9.911141490088859
2021-09-23,4.853041695146958,0.0,0.0,0.0,0.0,26.862611073137387,4.853041695146958,0.0,0.0,0.0,0.0,0.0,0.0,2.5974025974025974,9.706083390293916
2021-09-24,4.750512645249487,0.0,0.0,0.0,0.0,26.999316473000682,4.750512645249487,0.0,0.0,0.0,0.0,0.0,0.0,3.2467532467532467,9.501025290498974
2021-09-25,4.6479835953520166,0.0,0.0,0.0,0.0,27.136021872863974,4.6479835953520166,0.0,0.0,0.0,0.0,0.0,0.0,3.896103896103896,9.295967190704033
2021-09-26,4.545454545454546,0.0,0.0,0.0,0.0,27.27272727272727,4.545454545454546,0.0,0.0,0.0,0.0,0.0,0.0,4.545454545454546,9.090909090909092
2021-09-27,4.425204425204425,0.0,0.0,0.0,0.0,26.55122655122655,4.425204425204425,0.0,0.0,0.0,0.0,0.0,0.0,4.425204425204425,9.90860990860991
2021-09-28,4.304954304954305,0.0,0.0,0.0,0.0,25.829725829725827,4.304954304954305,0.0,0.0,0.0,0.0,0.0,0.0,4.304954304954305,10.726310726310727
2021-09-29,4.184704184704184,0.0,0.0,0.0,0.0,25.108225108225106,4.184704184704184,0.0,0.0,0.0,0.0,0.0,0.0,4.184704184704184,11.544011544011543
2021-09-30,4.064454064454065,0.0,0.0,0.0,0.0,24.386724386724385,4.064454064454065,0.0,0.0,0.0,0.0,0.0,0.0,4.064454064454065,12.36171236171236
2021-10-01,3.9442039442039443,0.0,0.0,0.0,0.0,23.665223665223664,3.9442039442039443,0.0,0.0,0.0,0.0,0.0,0.0,3.9442039442039443,13.179413179413178
2021-10-02,3.8239538239538238,0.0,0.0,0.0,0.0,22.943722943722943,3.8239538239538238,0.0,0.0,0.0,0.0,0.0,0.0,3.8239538239538238,13.997113997113996
2021-10-03,3.7037037037037033,0.0,0.0,0.0,0.0,22.22222222222222,3.7037037037037033,0.0,0.0,0.0,0.0,0.0,0.0,3.7037037037037033,14.814814814814813
2021-10-04,4.067460317460317,0.0,0.0,0.0,0.0,22.172619047619047,4.067460317460317,0.0,0.0,0.0,0.0,0.44642857142857145,0.0,4.067460317460317,16.71626984126984
2021-10-05,4.431216931216931,0.0,0.0,0.0,0.0,22.123015873015873,4.431216931216931,0.0,0.0,0.0,0.0,0.8928571428571429,0.0,4.431216931216931,18.617724867724867
2021-10-06,4.794973544973544,0.0,0.0,0.0,0.0,22.0734126984127,4.794973544973544,0.0,0.0,0.0,0.0,1.3392857142857144,0.0,4.794973544973544,20.519179894179892
2021-10-07,5.158730158730158,0.0,0.0,0.0,0.0,22.023809523809522,5.158730158730158,0.0,0.0,0.0,0.0,1.7857142857142858,0.0,5.158730158730158,22.42063492063492
2021-10-08,5.522486772486772,0.0,0.0,0.0,0.0,21.974206349206348,5.522486772486772,0.0,0.0,0.0,0.0,2.232142857142857,0.0,5.522486772486772,24.322089947089946
2021-10-09,5.886243386243386,0.0,0.0,0.0,0.0,21.924603174603174,5.886243386243386,0.0,0.0,0.0,0.0,2.678571428571429,0.0,5.886243386243386,26.223544973544975
2021-10-10,6.25,0.0,0.0,0.0,0.0,21.875,6.25,0.0,0.0,0.0,0.0,3.125,0.0,6.25,28.125
2021-10-11,6.089743589743589,0.0,0.0,0.0,0.0,21.314102564102566,6.089743589743589,0.0,0.0,0.0,0.0,3.0448717948717947,0.3663003663003663,12.316849816849816,29.235347985347985
2021-10-12,5.92948717948718,0.0,0.0,0.0,0.0,20.753205128205128,5.92948717948718,0.0,0.0,0.0,0.0,2.96474358974359,0.7326007326007326,18.38369963369963,30.34569597069597
2021-10-13,5.769230769230769,0.0,0.0,0.0,0.0,20.192307692307693,5.769230769230769,0.0,0.0,0.0,0.0,2.8846153846153846,1.0989010989010988,24.45054945054945,31.456043956043956
2021-10-14,5.608974358974359,0.0,0.0,0.0,0.0,19.631410256410255,5.608974358974359,0.0,0.0,0.0,0.0,2.8044871794871793,1.465201465201465,30.517399267399263,32.56639194139194
2021-10-15,5.448717948717948,0.0,0.0,0.0,0.0,19.07051282051282,5.448717948717948,0.0,0.0,0.0,0.0,2.724358974358974,1.8315018315018314,36.58424908424908,33.67673992673993
2021-10-16,5.288461538461538,0.0,0.0,0.0,0.0,18.509615384615383,5.288461538461538,0.0,0.0,0.0,0.0,2.644230769230769,2.1978021978021975,42.6510989010989,34.78708791208791
2021-10-17,5.128205128205128,0.0,0.0,0.0,0.0,17.94871794871795,5.128205128205128,0.0,0.0,0.0,0.0,2.564102564102564,2.564102564102564,48.717948717948715,35.8974358974359
2021-10-18,5.1678051678051675,0.0,0.0,0.0,0.0,18.08731808731809,5.1678051678051675,0.0,0.0,0.0,0.0,2.5839025839025838,2.1978021978021975,55.657855657855656,38.49123849123849
2021-10-19,5.207405207405207,0.0,0.0,0.0,0.0,18.225918225918225,5.207405207405207,0.0,0.0,0.0,0.0,2.6037026037026036,1.8315018315018312,62.597762597762596,41.085041085041084
2021-10-20,5.247005247005247,0.0,0.0,0.0,0.0,18.364518364518364,5.247005247005247,0.0,0.0,0.0,0.0,2.6235026235026235,1.465201465201465,69.53766953766954,43.67884367884368
2021-10-21,5.286605286605286,0.0,0.0,0.0,0.0,18.503118503118504,5.286605286605286,0.0,0.0,0.0,0.0,2.643302643302643,1.0989010989010988,76.47757647757648,46.27264627264627
2021-10-22,5.326205326205326,0.0,0.0,0.0,0.0,18.641718641718644,5.326205326205326,0.0,0.0,0.0,0.0,2.663102663102663,0.7326007326007324,83.41748341748342,48.86644886644886
2021-10-23,5.3658053658053655,0.0,0.0,0.0,0.0,18.78031878031878,5.3658053658053655,0.0,0.0,0.0,0.0,2.6829026829026827,0.36630036630036633,90.35739035739036,51.46025146025146
2021-10-24,5.405405405405405,0.0,0.0,0.0,0.0,18.91891891891892,5.405405405405405,0.0,0.0,0.0,0.0,2.7027027027027026,0.0,97.2972972972973,54.054054054054056
2021-10-25,4.776061776061776,0.0,0.0,0.0,0.0,17.216216216216218,4.776061776061776,0.0,0.0,0.0,0.0,2.459459459459459,0.0,88.11196911196912,49.04633204633205
2021-10-26,4.146718146718147,0.0,0.0,0.0,0.0,15.513513513513514,4.146718146718147,0.0,0.0,0.0,0.0,2.2162162162162162,0.0,78.92664092664093,44.03861003861004
2021-10-27,3.5173745173745177,0.0,0.0,0.0,0.0,13.81081081081081,3.5173745173745177,0.0,0.0,0.0,0.0,1.972972972972973,0.0,69.74131274131275,39.030888030888036
2021-10-28,2.888030888030888,0.0,0.0,0.0,0.0,12.108108108108109,2.888030888030888,0.0,0.0,0.0,0.0,1.7297297297297298,0.0,60.55598455598456,34.02316602316603
2021-10-29,2.258687258687259,0.0,0.0,0.0,0.0,10.405405405405405,2.258687258687259,0.0,0.0,0.0,0.0,1.4864864864864866,0.0,51.37065637065638,29.015444015444018
2021-10-30,1.6293436293436296,0.0,0.0,0.0,0.0,8.702702702702704,1.6293436293436296,0.0,0.0,0.0,0.0,1.2432432432432434,0.0,42.18532818532819,24.00772200772201
2021-10-31,1.0,0.0,0.0,0.0,0.0,7.000000000000001,1.0,0.0,0.0,0.0,0.0,1.0,0.0,33.0,19.0
2021-11-01,1.2773109243697478,0.0,0.0,0.0,0.0,9.361344537815127,1.2773109243697478,0.0,0.0,0.0,0.0,1.2773109243697478,0.0,31.22689075630252,25.52941176470588
2021-11-02,1.5546218487394956,0.0,0.0,0.0,0.0,11.722689075630253,1.5546218487394956,0.0,0.0,0.0,0.0,1.5546218487394956,0.0,29.45378151260504,32.05882352941176
2021-11-03,1.8319327731092436,0.0,0.0,0.0,0.0,14.084033613445378,1.8319327731092436,0.0,0.0,0.0,0.0,1.8319327731092436,0.0,27.680672268907564,38.588235294117645
2021-11-04,2.109243697478991,0.0,0.0,0.0,0.0,16.445378151260503,2.109243697478991,0.0,0.0,0.0,0.0,2.109243697478991,0.0,25.907563025210084,45.11764705882352
2021-11-05,2.386554621848739,0.0,0.0,0.0,0.0,18.80672268907563,2.386554621848739,0.0,0.0,0.0,0.0,2.386554621848739,0.0,24.134453781512605,51.647058823529406
2021-11-06,2.6638655462184873,0.0,0.0,0.0,0.0,21.168067226890756,2.6638655462184873,0.0,0.0,0.0,0.0,2.6638655462184873,0.0,22.361344537815125,58.17647058823529
2021-11-07,2.941176470588235,0.0,0.0,0.0,0.0,23.52941176470588,2.941176470588235,0.0,0.0,0.0,0.0,2.941176470588235,0.0,20.588235294117645,64.70588235294117
2021-11-08,3.0704589528118937,0.0,0.0,0.0,0.0,23.46477052359405,3.0704589528118937,0.0,0.0,0.0,0.0,3.0704589528118937,0.0,19.29541047188106,65.35229476405947
2021-11-09,3.1997414350355524,0.0,0.0,0.0,0.0,23.400129282482222,3.1997414350355524,0.0,0.0,0.0,0.0,3.1997414350355524,0.0,18.002585649644473,65.99870717517776
2021-11-10,3.329023917259211,0.0,0.0,0.0,0.0,23.335488041370393,3.329023917259211,0.0,0.0,0.0,0.0,3.329023917259211,0.0,16.709760827407884,66.64511958629605
2021-11-11,3.45830639948287,0.0,0.0,0.0,0.0,23.270846800258564,3.45830639948287,0.0,0.0,0.0,0.0,3.45830639948287,0.0,15.416936005171298,67.29153199741435
2021-11-12,3.587588881706529,0.0,0.0,0.0,0.0,23.206205559146735,3.587588881706529,0.0,0.0,0.0,0.0,3.587588881706529,0.0,14.124111182934712,67.93794440853264
2021-11-13,3.7168713639301876,0.0,0.0,0.0,0.0,23.141564318034906,3.7168713639301876,0.0,0.0,0.0,0.0,3.7168713639301876,0.0,12.831286360698126,68.58435681965094
2021-11-14,3.8461538461538463,0.0,0.0,0.0,0.0,23.076923076923077,3.8461538461538463,0.0,0.0,0.0,0.0,3.8461538461538463,0.0,11.538461538461538,69.23076923076923
2021-11-15,3.891941391941392,0.0,0.0,0.0,0.0,22.756410256410255,3.891941391941392,0.0,0.0,0.0,0.0,3.2967032967032965,0.0,11.08058608058608,67.67399267399267
2021-11-16,3.9377289377289375,0.0,0.0,0.0,0.0,22.435897435897438,3.9377289377289375,0.0,0.0,0.0,0.0,2.7472527472527473,0.0,10.622710622710622,66.11721611721612
2021-11-17,3.983516483516483,0.0,0.0,0.0,0.0,22.115384615384617,3.983516483516483,0.0,0.0,0.0,0.0,2.197802197802198,0.0,10.164835164835164,64.56043956043956
2021-11-18,4.029304029304029,0.0,0.0,0.0,0.0,21.794871794871796,4.029304029304029,0.0,0.0,0.0,0.0,1.6483516483516483,0.0,9.706959706959706,63.003663003663
2021-11-19,4.075091575091575,0.0,0.0,0.0,0.0,21.474358974358978,4.075091575091575,0.0,0.0,0.0,0.0,1.098901098901099,0.0,9.249084249084248,61.446886446886445
2021-11-20,4.1208791208791204,0.0,0.0,0.0,0.0,21.153846153846157,4.1208791208791204,0.0,0.0,0.0,0.0,0.5494505494505493,0.0,8.79120879120879,59.89010989010989
2021-11-21,4.166666666666666,0.0,0.0,0.0,0.0,20.833333333333336,4.166666666666666,0.0,0.0,0.0,0.0,0.0,0.0,8.333333333333332,58.333333333333336
2021-11-22,4.2517006802721085,0.0,0.0,0.0,0.0,21.258503401360546,4.2517006802721085,0.0,0.0,0.0,0.0,0.0,0.0,7.82312925170068,56.802721088435376
2021-11-23,4.336734693877551,0.0,0.0,0.0,0.0,21.683673469387756,4.336734693877551,0.0,0.0,0.0,0.0,0.0,0.0,7.312925170068026,55.27210884353742
2021-11-24,4.421768707482993,0.0,0.0,0.0,0.0,22.108843537414966,4.421768707482993,0.0,0.0,0.0,0.0,0.0,0.0,6.802721088435374,53.74149659863946
2021-11-25,4.506802721088435,0.0,0.0,0.0,0.0,22.534013605442176,4.506802721088435,0.0,0.0,0.0,0.0,0.0,0.0,6.29251700680272,52.21088435374149
2021-11-26,4.591836734693877,0.0,0.0,0.0,0.0,22.959183673469386,4.591836734693877,0.0,0.0,0.0,0.0,0.0,0.0,5.782312925170068,50.68027210884353
2021-11-27,4.6768707482993195,0.0,0.0,0.0,0.0,23.384353741496597,4.6768707482993195,0.0,0.0,0.0,0.0,0.0,0.0,5.272108843537415,49.14965986394557
2021-11-28,4.761904761904762,0.0,0.0,0.0,0.0,23.809523809523807,4.761904761904762,0.0,0.0,0.0,0.0,0.0,0.0,4.761904761904762,47.61904761904761
2021-11-29,4.875283446712018,0.0,0.0,0.0,0.0,24.376417233560087,4.875283446712018,0.0,0.0,0.0,0.0,0.0,0.0,4.875283446712018,47.16553287981859
2021-11-30,4.988662131519274,0.0,0.0,0.0,0.0,24.94331065759637,4.988662131519274,0.0,0.0,0.0,0.0,0.0,0.0,4.988662131519274,46.712018140589564
2021-12-01,5.1020408163265305,0.0,0.0,0.0,0.0,25.51020408163265,5.1020408163265305,0.0,0.0,0.0,0.0,0.0,0.0,5.1020408163265305,46.25850340136054
2021-12-02,5.215419501133787,0.0,0.0,0.0,0.0,26.077097505668934,5.215419501133787,0.0,0.0,0.0,0.0,0.0,0.0,5.215419501133787,45.804988662131514
2021-12-03,5.328798185941043,0.0,0.0,0.0,0.0,26.643990929705215,5.328798185941043,0.0,0.0,0.0,0.0,0.0,0.0,5.328798185941043,45.35147392290249
2021-12-04,5.442176870748299,0.0,0.0,0.0,0.0,27.2108843537415,5.442176870748299,0.0,0.0,0.0,0.0,0.0,0.0,5.442176870748299,44.897959183673464
2021-12-05,5.555555555555555,0.0,0.0,0.0,0.0,27.77777777777778,5.555555555555555,0.0,0.0,0.0,0.0,0.0,0.0,5.555555555555555,44.44444444444444
2021-12-06,5.654761904761904,0.0,0.0,0.0,0.0,28.273809523809526,5.654761904761904,0.0,0.0,0.0,0.0,0.0,0.0,5.654761904761904,45.238095238095234
2021-12-07,5.753968253968254,0.0,0.0,0.0,0.0,28.76984126984127,5.753968253968254,0.0,0.0,0.0,0.0,0.0,0.0,5.753968253968254,46.03174603174603
2021-12-08,5.853174603174603,0.0,0.0,0.0,0.0,29.265873015873016,5.853174603174603,0.0,0.0,0.0,0.0,0.0,0.0,5.853174603174603,46.82539682539682
2021-12-09,5.9523809523809526,0.0,0.0,0.0,0.0,29.761904761904763,5.9523809523809526,0.0,0.0,0.0,0.0,0.0,0.0,5.9523809523809526,47.61904761904762
2021-12-10,6.051587301587301,0.0,0.0,0.0,0.0,30.25793650793651,6.051587301587301,0.0,0.0,0.0,0.0,0.0,0.0,6.051587301587301,48.41269841269841
2021-12-11,6.150793650793651,0.0,0.0,0.0,0.0,30.753968253968253,6.150793650793651,0.0,0.0,0.0,0.0,0.0,0.0,6.150793650793651,49.20634920634921
2021-12-12,6.25,0.0,0.0,0.0,0.0,31.25,6.25,0.0,0.0,0.0,0.0,0.0,0.0,6.25,50.0
2021-12-13,6.25,0.0,0.0,0.0,0.0,31.25,6.25,0.0,0.0,0.0,0.0,0.0,0.0,6.25,49.107142857142854
2021-12-14,6.25,0.0,0.0,0.0,0.0,31.25,6.25,0.0,0.0,0.0,0.0,0.0,0.0,6.25,48.214285714285715
2021-12-15,6.25,0.0,0.0,0.0,0.0,31.25,6.25,0.0,0.0,0.0,0.0,0.0,0.0,6.25,47.32142857142857
2021-12-16,6.25,0.0,0.0,0.0,0.0,31.25,6.25,0.0,0.0,0.0,0.0,0.0,0.0,6.25,46.42857142857143
2021-12-17,6.25,0.0,0.0,0.0,0.0,31.25,6.25,0.0,0.0,0.0,0.0,0.0,0.0,6.25,45.535714285714285
2021-12-18,6.25,0.0,0.0,0.0,0.0,31.25,6.25,0.0,0.0,0.0,0.0,0.0,0.0,6.25,44.64285714285714
2021-12-19,6.25,0.0,0.0,0.0,0.0,31.25,6.25,0.0,0.0,0.0,0.0,0.0,0.0,6.25,43.75
2021-12-20,6.309523809523809,0.0,0.0,0.0,0.0,30.595238095238095,6.309523809523809,0.0,0.0,0.0,0.0,0.0,0.0,6.309523809523809,43.214285714285715
2021-12-21,6.3690476190476195,0.0,0.0,0.0,0.0,29.94047619047619,6.3690476190476195,0.0,0.0,0.0,0.0,0.0,0.0,6.3690476190476195,42.67857142857143
2021-12-22,6.428571428571429,0.0,0.0,0.0,0.0,29.285714285714285,6.428571428571429,0.0,0.0,0.0,0.0,0.0,0.0,6.428571428571429,42.142857142857146
2021-12-23,6.488095238095238,0.0,0.0,0.0,0.0,28.63095238095238,6.488095238095238,0.0,0.0,0.0,0.0,0.0,0.0,6.488095238095238,41.607142857142854
2021-12-24,6.5476190476190474,0.0,0.0,0.0,0.0,27.976190476190478,6.5476190476190474,0.0,0.0,0.0,0.0,0.0,0.0,6.5476190476190474,41.07142857142857
2021-12-25,6.607142857142858,0.0,0.0,0.0,0.0,27.321428571428573,6.607142857142858,0.0,0.0,0.0,0.0,0.0,0.0,6.607142857142858,40.535714285714285
2021-12-26,6.666666666666667,0.0,0.0,0.0,0.0,26.666666666666668,6.666666666666667,0.0,0.0,0.0,0.0,0.0,0.0,6.666666666666667,40.0
2021-12-27,6.554621848739496,0.0,0.0,0.0,0.0,27.058823529411764,6.554621848739496,0.0,0.0,0.0,0.0,0.0,0.0,6.554621848739496,42.6890756302521
2021-12-28,6.442577030812325,0.0,0.0,0.0,0.0,27.450980392156865,6.442577030812325,0.0,0.0,0.0,0.0,0.0,0.0,6.442577030812325,45.378151260504204
2021-12-29,6.330532212885154,0.0,0.0,0.0,0.0,27.84313725490196,6.330532212885154,0.0,0.0,0.0,0.0,0.0,0.0,6.330532212885154,48.0672268907563
2021-12-30,6.218487394957983,0.0,0.0,0.0,0.0,28.23529411764706,6.218487394957983,0.0,0.0,0.0,0.0,0.0,0.0,6.218487394957983,50.75630252100841
2021-12-31,6.106442577030812,0.0,0.0,0.0,0.0,28.627450980392158,6.106442577030812,0.0,0.0,0.0,0.0,0.0,0.0,6.106442577030812,53.445378151260506
2022-01-01,5.9943977591036415,0.0,0.0,0.0,0.0,29.01960784313726,5.9943977591036415,0.0,0.0,0.0,0.0,0.0,0.0,5.9943977591036415,56.134453781512605
2022-01-02,5.88235294117647,0.0,0.0,0.0,0.0,29.411764705882355,5.88235294117647,0.0,0.0,0.0,0.0,0.0,0.0,5.88235294117647,58.82352941176471
2022-01-03,5.835667600373482,0.0,0.0,0.0,0.0,29.178338001867417,5.835667600373482,0.0,0.0,0.0,0.0,0.0,0.0,5.835667600373482,55.97572362278245
2022-01-04,5.788982259570495,0.0,0.0,0.0,0.0,28.944911297852475,5.788982259570495,0.0,0.0,0.0,0.0,0.0,0.0,5.788982259570495,53.12791783380019
2022-01-05,5.742296918767507,0.0,0.0,0.0,0.0,28.711484593837536,5.742296918767507,0.0,0.0,0.0,0.0,0.0,0.0,5.742296918767507,50.28011204481793
2022-01-06,5.6956115779645184,0.0,0.0,0.0,0.0,28.478057889822598,5.6956115779645184,0.0,0.0,0.0,0.0,0.0,0.0,5.6956115779645184,47.43230625583567
2022-01-07,5.648926237161531,0.0,0.0,0.0,0.0,28.24463118580766,5.648926237161531,0.0,0.0,0.0,0.0,0.0,0.0,5.648926237161531,44.58450046685341
2022-01-08,5.602240896358543,0.0,0.0,0.0,0.0,28.011204481792717,5.602240896358543,0.0,0.0,0.0,0.0,0.0,0.0,5.602240896358543,41.73669467787116
2022-01-09,5.555555555555555,0.0,0.0,0.0,0.0,27.77777777777778,5.555555555555555,0.0,0.0,0.0,0.0,0.0,0.0,5.555555555555555,38.88888888888889
2022-01-10,5.311355311355311,0.0,0.0,0.0,0.0,27.106227106227106,5.311355311355311,0.0,0.0,0.0,0.0,0.0,0.0,5.86080586080586,36.08058608058609
2022-01-11,5.067155067155067,0.0,0.0,0.0,0.0,26.434676434676437,5.067155067155067,0.0,0.0,0.0,0.0,0.0,0.0,6.166056166056166,33.272283272283275
2022-01-12,4.822954822954823,0.0,0.0,0.0,0.0,25.763125763125764,4.822954822954823,0.0,0.0,0.0,0.0,0.0,0.0,6.471306471306471,30.46398046398047
2022-01-13,4.5787545787545785,0.0,0.0,0.0,0.0,25.09157509157509,4.5787545787545785,0.0,0.0,0.0,0.0,0.0,0.0,6.7765567765567765,27.65567765567766
2022-01-14,4.334554334554335,0.0,0.0,0.0,0.0,24.42002442002442,4.334554334554335,0.0,0.0,0.0,0.0,0.0,0.0,7.0818070818070815,24.84737484737485
2022-01-15,4.09035409035409,0.0,0.0,0.0,0.0,23.74847374847375,4.09035409035409,0.0,0.0,0.0,0.0,0.0,0.0,7.3870573870573875,22.039072039072042
2022-01-16,3.8461538461538463,0.0,0.0,0.0,0.0,23.076923076923077,3.8461538461538463,0.0,0.0,0.0,0.0,0.0,0.0,7.6923076923076925,19.230769230769234
2022-01-17,3.663003663003663,0.0,0.0,0.0,0.0,23.44322344322344,4.029304029304029,0.3663003663003663,0.0,0.0,0.0,0.0,0.3663003663003663,7.326007326007326,18.315018315018317
2022-01-18,3.47985347985348,0.0,0.0,0.0,0.0,23.80952380952381,4.212454212454213,0.7326007326007326,0.0,0.0,0.0,0.0,0.7326007326007326,6.95970695970696,17.3992673992674
2022-01-19,3.2967032967032965,0.0,0.0,0.0,0.0,24.175824175824175,4.395604395604396,1.0989010989010988,0.0,0.0,0.0,0.0,1.0989010989010988,6.593406593406593,16.483516483516485
2022-01-20,3.1135531135531136,0.0,0.0,0.0,0.0,24.54212454212454,4.5787545787545785,1.465201465201465,0.0,0.0,0.0,0.0,1.465201465201465,6.227106227106227,15.56776556776557
2022-01-21,2.93040293040293,0.0,0.0,0.0,0.0,24.908424908424905,4.761904761904762,1.8315018315018314,0.0,0.0,0.0,0.0,1.8315018315018314,5.86080586080586,14.652014652014653
2022-01-22,2.7472527472527473,0.0,0.0,0.0,0.0,25.274725274725274,4.945054945054945,2.1978021978021975,0.0,0.0,0.0,0.0,2.1978021978021975,5.4945054945054945,13.736263736263737
2022-01-23,2.564102564102564,0.0,0.0,0.0,0.0,25.64102564102564,5.128205128205128,2.564102564102564,0.0,0.0,0.0,0.0,2.564102564102564,5.128205128205128,12.82051282051282
2022-01-24,2.573742047426258,0.0,0.0,0.0,0.0,26.11336032388664,5.523423944476575,2.1978021978021975,0.0,0.0,0.0,0.0,2.573742047426258,4.771544245228456,13.24465008675535
2022-01-25,2.5833815307499517,0.0,0.0,0.0,0.0,26.58569500674764,5.918642760748023,1.8315018315018312,0.0,0.0,0.0,0.0,2.5833815307499517,4.414883362251783,13.668787352997878
2022-01-26,2.5930210140736456,0.0,0.0,0.0,0.0,27.058029689608638,6.3138615770194715,1.465201465201465,0.0,0.0,0.0,0.0,2.5930210140736456,4.058222479275111,14.092924619240408
2022-01-27,2.602660497397339,0.0,0.0,0.0,0.0,27.530364372469634,6.709080393290919,1.0989010989010988,0.0,0.0,0.0,0.0,2.602660497397339,3.701561596298438,14.517061885482937
2022-01-28,2.612299980721033,0.0,0.0,0.0,0.0,28.002699055330634,7.104299209562367,0.7326007326007324,0.0,0.0,0.0,0.0,2.612299980721033,3.344900713321766,14.941199151725467
2022-01-29,2.621939464044727,0.0,0.0,0.0,0.0,28.475033738191634,7.499518025833815,0.36630036630036633,0.0,0.0,0.0,0.0,2.621939464044727,2.988239830345093,15.365336417967995
2022-01-30,2.631578947368421,0.0,0.0,0.0,0.0,28.947368421052634,7.894736842105263,0.0,0.0,0.0,0.0,0.0,2.631578947368421,2.631578947368421,15.789473684210526
2022-01-31,2.8050896471949103,0.0,0.0,0.0,0.0,28.658183921341816,7.865818392134181,0.0,0.0,0.0,0.0,0.0,2.2556390977443606,2.8050896471949103,16.830537883169463
2022-02-01,2.9786003470213993,0.0,0.0,0.0,0.0,28.368999421631003,7.8368999421631,0.0,0.0,0.0,0.0,0.0,1.8796992481203005,2.9786003470213993,17.871602082128398
2022-02-02,3.152111046847889,0.0,0.0,0.0,0.0,28.079814921920185,7.8079814921920185,0.0,0.0,0.0,0.0,0.0,1.5037593984962405,3.152111046847889,18.912666281087333
2022-02-03,3.3256217466743783,0.0,0.0,0.0,0.0,27.79063042220937,7.779063042220937,0.0,0.0,0.0,0.0,0.0,1.1278195488721803,3.3256217466743783,19.953730480046268
2022-02-04,3.4991324465008677,0.0,0.0,0.0,0.0,27.501445922498554,7.750144592249855,0.0,0.0,0.0,0.0,0.0,0.7518796992481203,3.4991324465008677,20.994794679005203
2022-02-05,3.6726431463273568,0.0,0.0,0.0,0.0,27.21226142278774,7.721226142278774,0.0,0.0,0.0,0.0,0.0,0.37593984962406024,3.6726431463273568,22.03585887796414
2022-02-06,3.8461538461538463,0.0,0.0,0.0,0.0,26.923076923076923,7.6923076923076925,0.0,0.0,0.0,0.0,0.0,0.0,3.8461538461538463,23.076923076923077
2022-02-07,3.2967032967032965,0.0,0.0,0.0,0.0,26.4382676147382,7.433742727860375,0.0,0.0,0.0,0.0,0.0,0.0,3.2967032967032965,23.981900452488688
2022-02-08,2.7472527472527473,0.0,0.0,0.0,0.0,25.953458306399483,7.175177763413058,0.0,0.0,0.0,0.0,0.0,0.0,2.7472527472527473,24.8868778280543
2022-02-09,2.197802197802198,0.0,0.0,0.0,0.0,25.46864899806076,6.91661279896574,0.0,0.0,0.0,0.0,0.0,0.0,2.197802197802198,25.79185520361991
2022-02-10,1.6483516483516483,0.0,0.0,0.0,0.0,24.983839689722043,6.658047834518422,0.0,0.0,0.0,0.0,0.0,0.0,1.6483516483516483,26.69683257918552
2022-02-11,1.098901098901099,0.0,0.0,0.0,0.0,24.49903038138332,6.399482870071105,0.0,0.0,0.0,0.0,0.0,0.0,1.098901098901099,27.601809954751133
2022-02-12,0.5494505494505493,0.0,0.0,0.0,0.0,24.014221073044602,6.1409179056237875,0.0,0.0,0.0,0.0,0.0,0.0,0.5494505494505493,28.506787330316744
2022-02-13,0.0,0.0,0.0,0.0,0.0,23.52941176470588,5.88235294117647,0.0,0.0,0.0,0.0,0.0,0.0,0.0,29.411764705882355
2022-02-14,0.0,0.0,0.0,0.0,0.0,23.739495798319325,6.232492997198879,0.0,0.0,0.0,0.0,0.0,0.0,0.0,29.971988795518207
2022-02-15,0.0,0.0,0.0,0.0,0.0,23.949579831932773,6.582633053221288,0.0,0.0,0.0,0.0,0.0,0.0,0.0,30.532212885154063
2022-02-16,0.0,0.0,0.0,0.0,0.0,24.159663865546218,6.932773109243697,0.0,0.0,0.0,0.0,0.0,0.0,0.0,31.092436974789916
2022-02-17,0.0,0.0,0.0,0.0,0.0,24.369747899159663,7.282913165266105,0.0,0.0,0.0,0.0,0.0,0.0,0.0,31.652661064425768
2022-02-18,0.0,0.0,0.0,0.0,0.0,24.579831932773107,7.633053221288514,0.0,0.0,0.0,0.0,0.0,0.0,0.0,32.212885154061624
2022-02-19,0.0,0.0,0.0,0.0,0.0,24.789915966386555,7.983193277310923,0.0,0.0,0.0,0.0,0.0,0.0,0.0,32.773109243697476
2022-02-20,0.0,0.0,0.0,0.0,0.0,25.0,8.333333333333332,0.0,0.0,0.0,0.0,0.0,0.0,0.0,33.33333333333333
2022-02-21,0.0,0.0,0.0,0.0,0.0,25.714285714285715,8.571428571428571,0.0,0.0,0.0,0.0,0.0,0.0,0.0,32.857142857142854
2022-02-22,0.0,0.0,0.0,0.0,0.0,26.428571428571427,8.809523809523808,0.0,0.0,0.0,0.0,0.0,0.0,0.0,32.38095238095238
2022-02-23,0.0,0.0,0.0,0.0,0.0,27.142857142857142,9.047619047619047,0.0,0.0,0.0,0.0,0.0,0.0,0.0,31.9047619047619
2022-02-24,0.0,0.0,0.0,0.0,0.0,27.857142857142858,9.285714285714285,0.0,0.0,0.0,0.0,0.0,0.0,0.0,31.428571428571427
2022-02-25,0.0,0.0,0.0,0.0,0.0,28.571428571428573,9.523809523809524,0.0,0.0,0.0,0.0,0.0,0.0,0.0,30.95238095238095
2022-02-26,0.0,0.0,0.0,0.0,0.0,29.285714285714285,9.761904761904763,0.0,0.0,0.0,0.0,0.0,0.0,0.0,30.476190476190474
2022-02-27,0.0,0.0,0.0,0.0,0.0,30.0,10.0,0.0,0.0,0.0,0.0,0.0,0.0,0.0,30.0
2022-02-28,0.0,0.0,0.0,0.0,0.0,29.285714285714285,8.571428571428571,0.0,0.0,0.0,0.0,0.0,0.0,0.0,32.857142857142854
2022-03-01,0.0,0.0,0.0,0.0,0.0,28.571428571428573,7.142857142857142,0.0,0.0,0.0,0.0,0.0,0.0,0.0,35.714285714285715
2022-03-02,0.0,0.0,0.0,0.0,0.0,27.857142857142858,5.714285714285714,0.0,0.0,0.0,0.0,0.0,0.0,0.0,38.57142857142857
2022-03-03,0.0,0.0,0.0,0.0,0.0,27.142857142857142,4.285714285714286,0.0,0.0,0.0,0.0,0.0,0.0,0.0,41.42857142857143
2022-03-04,0.0,0.0,0.0,0.0,0.0,26.428571428571427,2.8571428571428568,0.0,0.0,0.0,0.0,0.0,0.0,0.0,44.285714285714285
2022-03-05,0.0,0.0,0.0,0.0,0.0,25.714285714285715,1.4285714285714288,0.0,0.0,0.0,0.0,0.0,0.0,0.0,47.14285714285714
2022-03-06,0.0,0.0,0.0,0.0,0.0,25.0,0.0,0.0,0.0,0.0,0.0,0.0,0.0,0.0,50.0
2022-03-07,0.0,0.0,0.0,0.0,0.0,25.0,0.0,0.0,0.0,0.0,0.0,0.0,0.0,0.0,46.42857142857143
2022-03-08,0.0,0.0,0.0,0.0,0.0,25.0,0.0,0.0,0.0,0.0,0.0,0.0,0.0,0.0,42.857142857142854
2022-03-09,0.0,0.0,0.0,0.0,0.0,25.0,0.0,0.0,0.0,0.0,0.0,0.0,0.0,0.0,39.285714285714285
2022-03-10,0.0,0.0,0.0,0.0,0.0,25.0,0.0,0.0,0.0,0.0,0.0,0.0,0.0,0.0,35.714285714285715
2022-03-11,0.0,0.0,0.0,0.0,0.0,25.0,0.0,0.0,0.0,0.0,0.0,0.0,0.0,0.0,32.14285714285714
2022-03-12,0.0,0.0,0.0,0.0,0.0,25.0,0.0,0.0,0.0,0.0,0.0,0.0,0.0,0.0,28.57142857142857
2022-03-13,0.0,0.0,0.0,0.0,0.0,25.0,0.0,0.0,0.0,0.0,0.0,0.0,0.0,0.0,25.0
2022-03-14,0.0,0.0,0.0,0.0,0.0,23.46938775510204,0.0,0.0,0.0,0.0,0.0,0.0,0.0,0.0,25.510204081632654
2022-03-15,0.0,0.0,0.0,0.0,0.0,21.93877551020408,0.0,0.0,0.0,0.0,0.0,0.0,0.0,0.0,26.020408163265305
2022-03-16,0.0,0.0,0.0,0.0,0.0,20.408163265306122,0.0,0.0,0.0,0.0,0.0,0.0,0.0,0.0,26.53061224489796
2022-03-17,0.0,0.0,0.0,0.0,0.0,18.877551020408163,0.0,0.0,0.0,0.0,0.0,0.0,0.0,0.0,27.04081632653061
2022-03-18,0.0,0.0,0.0,0.0,0.0,17.346938775510203,0.0,0.0,0.0,0.0,0.0,0.0,0.0,0.0,27.551020408163264
2022-03-19,0.0,0.0,0.0,0.0,0.0,15.816326530612244,0.0,0.0,0.0,0.0,0.0,0.0,0.0,0.0,28.061224489795915
2022-03-20,0.0,0.0,0.0,0.0,0.0,14.285714285714285,0.0,0.0,0.0,0.0,0.0,0.0,0.0,0.0,28.57142857142857
2022-03-21,0.0,0.0,0.0,0.0,0.0,14.285714285714285,0.0,0.0,0.0,0.0,0.0,0.0,0.0,2.0408163265306123,28.57142857142857
2022-03-22,0.0,0.0,0.0,0.0,0.0,14.285714285714285,0.0,0.0,0.0,0.0,0.0,0.0,0.0,4.081632653061225,28.57142857142857
2022-03-23,0.0,0.0,0.0,0.0,0.0,14.285714285714285,0.0,0.0,0.0,0.0,0.0,0.0,0.0,6.122448979591836,28.57142857142857
2022-03-24,0.0,0.0,0.0,0.0,0.0,14.285714285714285,0.0,0.0,0.0,0.0,0.0,0.0,0.0,8.16326530612245,28.57142857142857
2022-03-25,0.0,0.0,0.0,0.0,0.0,14.285714285714285,0.0,0.0,0.0,0.0,0.0,0.0,0.0,10.204081632653061,28.57142857142857
2022-03-26,0.0,0.0,0.0,0.0,0.0,14.285714285714285,0.0,0.0,0.0,0.0,0.0,0.0,0.0,12.244897959183673,28.57142857142857
2022-03-27,0.0,0.0,0.0,0.0,0.0,14.285714285714285,0.0,0.0,0.0,0.0,0.0,0.0,0.0,14.285714285714285,28.57142857142857
2022-03-28,0.0,0.0,0.0,0.0,0.0,14.625850340136052,0.0,0.0,0.0,0.0,0.0,0.0,0.0,12.244897959183673,29.251700680272105
2022-03-29,0.0,0.0,0.0,0.0,0.0,14.965986394557822,0.0,0.0,0.0,0.0,0.0,0.0,0.0,10.204081632653061,29.931972789115644
2022-03-30,0.0,0.0,0.0,0.0,0.0,15.30612244897959,0.0,0.0,0.0,0.0,0.0,0.0,0.0,8.163265306122447,30.61224489795918
2022-03-31,0.0,0.0,0.0,0.0,0.0,15.64625850340136,0.0,0.0,0.0,0.0,0.0,0.0,0.0,6.1224489795918355,31.29251700680272
2022-04-01,0.0,0.0,0.0,0.0,0.0,15.986394557823127,0.0,0.0,0.0,0.0,0.0,0.0,0.0,4.081632653061224,31.972789115646254
2022-04-02,0.0,0.0,0.0,0.0,0.0,16.326530612244895,0.0,0.0,0.0,0.0,0.0,0.0,0.0,2.040816326530612,32.65306122448979
2022-04-03,0.0,0.0,0.0,0.0,0.0,16.666666666666664,0.0,0.0,0.0,0.0,0.0,0.0,0.0,0.0,33.33333333333333
2022-04-04,0.0,0.0,0.0,0.0,0.0,17.142857142857142,0.0,0.0,0.0,0.0,0.0,0.0,0.0,0.0,34.285714285714285
2022-04-05,0.0,0.0,0.0,0.0,0.0,17.619047619047617,0.0,0.0,0.0,0.0,0.0,0.0,0.0,0.0,35.238095238095234
2022-04-06,0.0,0.0,0.0,0.0,0.0,18.095238095238095,0.0,0.0,0.0,0.0,0.0,0.0,0.0,0.0,36.19047619047619
2022-04-07,0.0,0.0,0.0,0.0,0.0,18.57142857142857,0.0,0.0,0.0,0.0,0.0,0.0,0.0,0.0,37.14285714285714
2022-04-08,0.0,0.0,0.0,0.0,0.0,19.047619047619047,0.0,0.0,0.0,0.0,0.0,0.0,0.0,0.0,38.095238095238095
2022-04-09,0.0,0.0,0.0,0.0,0.0,19.523809523809526,0.0,0.0,0.0,0.0,0.0,0.0,0.0,0.0,39.04761904761905
2022-04-10,0.0,0.0,0.0,0.0,0.0,20.0,0.0,0.0,0.0,0.0,0.0,0.0,0.0,0.0,40.0
2022-04-11,0.0,0.0,0.0,0.0,0.0,20.0,0.0,0.0,0.0,0.0,0.0,0.0,0.0,0.0,37.142857142857146
2022-04-12,0.0,0.0,0.0,0.0,0.0,20.0,0.0,0.0,0.0,0.0,0.0,0.0,0.0,0.0,34.285714285714285
2022-04-13,0.0,0.0,0.0,0.0,0.0,20.0,0.0,0.0,0.0,0.0,0.0,0.0,0.0,0.0,31.42857142857143
2022-04-14,0.0,0.0,0.0,0.0,0.0,20.0,0.0,0.0,0.0,0.0,0.0,0.0,0.0,0.0,28.57142857142857
2022-04-15,0.0,0.0,0.0,0.0,0.0,20.0,0.0,0.0,0.0,0.0,0.0,0.0,0.0,0.0,25.714285714285715
2022-04-16,0.0,0.0,0.0,0.0,0.0,20.0,0.0,0.0,0.0,0.0,0.0,0.0,0.0,0.0,22.857142857142858
2022-04-17,0.0,0.0,0.0,0.0,0.0,20.0,0.0,0.0,0.0,0.0,0.0,0.0,0.0,0.0,20.0
2022-04-18,0.0,0.0,0.0,0.0,0.0,22.857142857142858,0.0,0.0,0.0,0.0,0.0,0.0,0.0,0.0,20.0
2022-04-19,0.0,0.0,0.0,0.0,0.0,25.714285714285715,0.0,0.0,0.0,0.0,0.0,0.0,0.0,0.0,20.0
2022-04-20,0.0,0.0,0.0,0.0,0.0,28.57142857142857,0.0,0.0,0.0,0.0,0.0,0.0,0.0,0.0,20.0
2022-04-21,0.0,0.0,0.0,0.0,0.0,31.42857142857143,0.0,0.0,0.0,0.0,0.0,0.0,0.0,0.0,20.0
2022-04-22,0.0,0.0,0.0,0.0,0.0,34.285714285714285,0.0,0.0,0.0,0.0,0.0,0.0,0.0,0.0,20.0
2022-04-23,0.0,0.0,0.0,0.0,0.0,37.14285714285714,0.0,0.0,0.0,0.0,0.0,0.0,0.0,0.0,20.0
2022-04-24,0.0,0.0,0.0,0.0,0.0,40.0,0.0,0.0,0.0,0.0,0.0,0.0,0.0,0.0,20.0
2022-04-25,0.0,0.0,0.0,0.0,0.0,41.42857142857143,0.0,0.0,0.0,0.0,0.0,0.0,0.0,0.0,20.714285714285715
2022-04-26,0.0,0.0,0.0,0.0,0.0,42.857142857142854,0.0,0.0,0.0,0.0,0.0,0.0,0.0,0.0,21.428571428571427
2022-04-27,0.0,0.0,0.0,0.0,0.0,44.285714285714285,0.0,0.0,0.0,0.0,0.0,0.0,0.0,0.0,22.142857142857142
2022-04-28,0.0,0.0,0.0,0.0,0.0,45.714285714285715,0.0,0.0,0.0,0.0,0.0,0.0,0.0,0.0,22.857142857142858
2022-04-29,0.0,0.0,0.0,0.0,0.0,47.142857142857146,0.0,0.0,0.0,0.0,0.0,0.0,0.0,0.0,23.571428571428573
2022-04-30,0.0,0.0,0.0,0.0,0.0,48.57142857142857,0.0,0.0,0.0,0.0,0.0,0.0,0.0,0.0,24.285714285714285
2022-05-01,0.0,0.0,0.0,0.0,0.0,50.0,0.0,0.0,0.0,0.0,0.0,0.0,0.0,0.0,25.0
2022-05-02,0.0,0.0,0.0,0.0,0.0,50.0,0.0,0.0,0.0,0.0,0.0,0.0,0.0,0.0,25.0
2022-05-03,0.0,0.0,0.0,0.0,0.0,50.0,0.0,0.0,0.0,0.0,0.0,0.0,0.0,0.0,25.0
2022-05-04,0.0,0.0,0.0,0.0,0.0,50.0,0.0,0.0,0.0,0.0,0.0,0.0,0.0,0.0,25.0
2022-05-05,0.0,0.0,0.0,0.0,0.0,50.0,0.0,0.0,0.0,0.0,0.0,0.0,0.0,0.0,25.0
2022-05-06,0.0,0.0,0.0,0.0,0.0,50.0,0.0,0.0,0.0,0.0,0.0,0.0,0.0,0.0,25.0
2022-05-07,0.0,0.0,0.0,0.0,0.0,50.0,0.0,0.0,0.0,0.0,0.0,0.0,0.0,0.0,25.0
2022-05-08,0.0,0.0,0.0,0.0,0.0,50.0,0.0,0.0,0.0,0.0,0.0,0.0,0.0,0.0,25.0
2022-05-09,0.0,0.0,0.0,0.0,0.0,46.42857142857143,0.0,0.0,0.0,0.0,0.0,0.0,0.0,0.0,25.0
2022-05-10,0.0,0.0,0.0,0.0,0.0,42.857142857142854,0.0,0.0,0.0,0.0,0.0,0.0,0.0,0.0,25.0
2022-05-11,0.0,0.0,0.0,0.0,0.0,39.285714285714285,0.0,0.0,0.0,0.0,0.0,0.0,0.0,0.0,25.0
2022-05-12,0.0,0.0,0.0,0.0,0.0,35.714285714285715,0.0,0.0,0.0,0.0,0.0,0.0,0.0,0.0,25.0
2022-05-13,0.0,0.0,0.0,0.0,0.0,32.14285714285714,0.0,0.0,0.0,0.0,0.0,0.0,0.0,0.0,25.0
2022-05-14,0.0,0.0,0.0,0.0,0.0,28.57142857142857,0.0,0.0,0.0,0.0,0.0,0.0,0.0,0.0,25.0
2022-05-15,0.0,0.0,0.0,0.0,0.0,25.0,0.0,0.0,0.0,0.0,0.0,0.0,0.0,0.0,25.0
2022-05-16,0.0,0.0,0.0,0.0,0.0,28.571428571428573,0.0,0.0,0.0,0.0,0.0,0.0,0.0,0.0,28.571428571428573
2022-05-17,0.0,0.0,0.0,0.0,0.0,32.142857142857146,0.0,0.0,0.0,0.0,0.0,0.0,0.0,0.0,32.142857142857146
2022-05-18,0.0,0.0,0.0,0.0,0.0,35.714285714285715,0.0,0.0,0.0,0.0,0.0,0.0,0.0,0.0,35.714285714285715
2022-05-19,0.0,0.0,0.0,0.0,0.0,39.285714285714285,0.0,0.0,0.0,0.0,0.0,0.0,0.0,0.0,39.285714285714285
2022-05-20,0.0,0.0,0.0,0.0,0.0,42.85714285714286,0.0,0.0,0.0,0.0,0.0,0.0,0.0,0.0,42.85714285714286
2022-05-21,0.0,0.0,0.0,0.0,0.0,46.42857142857143,0.0,0.0,0.0,0.0,0.0,0.0,0.0,0.0,46.42857142857143
2022-05-22,0.0,0.0,0.0,0.0,0.0,50.0,0.0,0.0,0.0,0.0,0.0,0.0,0.0,0.0,50.0
2022-05-23,0.0,0.0,0.0,0.0,0.0,50.0,0.0,0.0,0.0,0.0,0.0,0.0,0.0,0.0,50.0
2022-05-24,0.0,0.0,0.0,0.0,0.0,50.0,0.0,0.0,0.0,0.0,0.0,0.0,0.0,0.0,50.0
2022-05-25,0.0,0.0,0.0,0.0,0.0,50.0,0.0,0.0,0.0,0.0,0.0,0.0,0.0,0.0,50.0
2022-05-26,0.0,0.0,0.0,0.0,0.0,50.0,0.0,0.0,0.0,0.0,0.0,0.0,0.0,0.0,50.0
2022-05-27,0.0,0.0,0.0,0.0,0.0,50.0,0.0,0.0,0.0,0.0,0.0,0.0,0.0,0.0,50.0
2022-05-28,0.0,0.0,0.0,0.0,0.0,50.0,0.0,0.0,0.0,0.0,0.0,0.0,0.0,0.0,50.0
2022-05-29,0.0,0.0,0.0,0.0,0.0,50.0,0.0,0.0,0.0,0.0,0.0,0.0,0.0,0.0,50.0
2022-05-30,0.0,0.0,0.0,0.0,0.0,46.42857142857143,0.0,0.0,0.0,0.0,0.0,0.0,0.0,0.0,46.42857142857143
2022-05-31,0.0,0.0,0.0,0.0,0.0,42.857142857142854,0.0,0.0,0.0,0.0,0.0,0.0,0.0,0.0,42.857142857142854
2022-06-01,0.0,0.0,0.0,0.0,0.0,39.285714285714285,0.0,0.0,0.0,0.0,0.0,0.0,0.0,0.0,39.285714285714285
2022-06-02,0.0,0.0,0.0,0.0,0.0,35.714285714285715,0.0,0.0,0.0,0.0,0.0,0.0,0.0,0.0,35.714285714285715
2022-06-03,0.0,0.0,0.0,0.0,0.0,32.14285714285714,0.0,0.0,0.0,0.0,0.0,0.0,0.0,0.0,32.14285714285714
2022-06-04,0.0,0.0,0.0,0.0,0.0,28.57142857142857,0.0,0.0,0.0,0.0,0.0,0.0,0.0,0.0,28.57142857142857
2022-06-05,0.0,0.0,0.0,0.0,0.0,25.0,0.0,0.0,0.0,0.0,0.0,0.0,0.0,0.0,25.0
2022-06-06,0.0,0.0,0.0,0.0,0.0,25.0,0.0,0.0,0.0,0.0,0.0,0.0,0.0,0.0,28.571428571428573
2022-06-07,0.0,0.0,0.0,0.0,0.0,25.0,0.0,0.0,0.0,0.0,0.0,0.0,0.0,0.0,32.142857142857146
2022-06-08,0.0,0.0,0.0,0.0,0.0,25.0,0.0,0.0,0.0,0.0,0.0,0.0,0.0,0.0,35.714285714285715
2022-06-09,0.0,0.0,0.0,0.0,0.0,25.0,0.0,0.0,0.0,0.0,0.0,0.0,0.0,0.0,39.285714285714285
2022-06-10,0.0,0.0,0.0,0.0,0.0,25.0,0.0,0.0,0.0,0.0,0.0,0.0,0.0,0.0,42.85714285714286
2022-06-11,0.0,0.0,0.0,0.0,0.0,25.0,0.0,0.0,0.0,0.0,0.0,0.0,0.0,0.0,46.42857142857143
2022-06-12,0.0,0.0,0.0,0.0,0.0,25.0,0.0,0.0,0.0,0.0,0.0,0.0,0.0,0.0,50.0
2022-06-13,0.0,0.0,0.0,0.0,0.0,26.19047619047619,0.0,0.0,0.0,0.0,0.0,0.0,0.0,0.0,47.61904761904762
2022-06-14,0.0,0.0,0.0,0.0,0.0,27.38095238095238,0.0,0.0,0.0,0.0,0.0,0.0,0.0,0.0,45.23809523809524
2022-06-15,0.0,0.0,0.0,0.0,0.0,28.57142857142857,0.0,0.0,0.0,0.0,0.0,0.0,0.0,0.0,42.857142857142854
2022-06-16,0.0,0.0,0.0,0.0,0.0,29.76190476190476,0.0,0.0,0.0,0.0,0.0,0.0,0.0,0.0,40.476190476190474
2022-06-17,0.0,0.0,0.0,0.0,0.0,30.95238095238095,0.0,0.0,0.0,0.0,0.0,0.0,0.0,0.0,38.09523809523809
2022-06-18,0.0,0.0,0.0,0.0,0.0,32.14285714285714,0.0,0.0,0.0,0.0,0.0,0.0,0.0,0.0,35.71428571428571
2022-06-19,0.0,0.0,0.0,0.0,0.0,33.33333333333333,0.0,0.0,0.0,0.0,0.0,0.0,0.0,0.0,33.33333333333333
2022-06-20,0.0,0.0,0.0,0.0,0.0,32.14285714285714,0.0,0.0,0.0,0.0,0.0,0.0,0.0,0.0,35.71428571428571
2022-06-21,0.0,0.0,0.0,0.0,0.0,30.95238095238095,0.0,0.0,0.0,0.0,0.0,0.0,0.0,0.0,38.09523809523809
2022-06-22,0.0,0.0,0.0,0.0,0.0,29.76190476190476,0.0,0.0,0.0,0.0,0.0,0.0,0.0,0.0,40.476190476190474
2022-06-23,0.0,0.0,0.0,0.0,0.0,28.57142857142857,0.0,0.0,0.0,0.0,0.0,0.0,0.0,0.0,42.857142857142854
2022-06-24,0.0,0.0,0.0,0.0,0.0,27.38095238095238,0.0,0.0,0.0,0.0,0.0,0.0,0.0,0.0,45.23809523809524
2022-06-25,0.0,0.0,0.0,0.0,0.0,26.19047619047619,0.0,0.0,0.0,0.0,0.0,0.0,0.0,0.0,47.61904761904762
2022-06-26,0.0,0.0,0.0,0.0,0.0,25.0,0.0,0.0,0.0,0.0,0.0,0.0,0.0,0.0,50.0
2022-06-27,0.0,0.0,0.0,0.0,0.0,25.0,0.0,0.0,0.0,0.0,0.0,0.0,0.0,0.0,46.42857142857143
2022-06-28,0.0,0.0,0.0,0.0,0.0,25.0,0.0,0.0,0.0,0.0,0.0,0.0,0.0,0.0,42.857142857142854
2022-06-29,0.0,0.0,0.0,0.0,0.0,25.0,0.0,0.0,0.0,0.0,0.0,0.0,0.0,0.0,39.285714285714285
2022-06-30,0.0,0.0,0.0,0.0,0.0,25.0,0.0,0.0,0.0,0.0,0.0,0.0,0.0,0.0,35.714285714285715
2022-07-01,0.0,0.0,0.0,0.0,0.0,25.0,0.0,0.0,0.0,0.0,0.0,0.0,0.0,0.0,32.14285714285714
2022-07-02,0.0,0.0,0.0,0.0,0.0,25.0,0.0,0.0,0.0,0.0,0.0,0.0,0.0,0.0,28.57142857142857
2022-07-03,0.0,0.0,0.0,0.0,0.0,25.0,0.0,0.0,0.0,0.0,0.0,0.0,0.0,0.0,25.0
2022-07-04,0.0,0.0,0.0,0.0,0.0,24.285714285714285,0.0,0.0,0.0,0.0,0.0,0.0,0.0,0.0,27.142857142857142
2022-07-05,0.0,0.0,0.0,0.0,0.0,23.571428571428573,0.0,0.0,0.0,0.0,0.0,0.0,0.0,0.0,29.285714285714285
2022-07-06,0.0,0.0,0.0,0.0,0.0,22.857142857142858,0.0,0.0,0.0,0.0,0.0,0.0,0.0,0.0,31.42857142857143
2022-07-07,0.0,0.0,0.0,0.0,0.0,22.142857142857142,0.0,0.0,0.0,0.0,0.0,0.0,0.0,0.0,33.57142857142857
2022-07-08,0.0,0.0,0.0,0.0,0.0,21.428571428571427,0.0,0.0,0.0,0.0,0.0,0.0,0.0,0.0,35.714285714285715
2022-07-09,0.0,0.0,0.0,0.0,0.0,20.714285714285715,0.0,0.0,0.0,0.0,0.0,0.0,0.0,0.0,37.85714285714286
2022-07-10,0.0,0.0,0.0,0.0,0.0,20.0,0.0,0.0,0.0,0.0,0.0,0.0,0.0,0.0,40.0
2022-07-11,0.0,0.0,0.0,0.0,0.0,20.0,0.0,0.0,0.0,0.0,0.0,0.0,0.0,0.0,37.142857142857146
2022-07-12,0.0,0.0,0.0,0.0,0.0,20.0,0.0,0.0,0.0,0.0,0.0,0.0,0.0,0.0,34.285714285714285
2022-07-13,0.0,0.0,0.0,0.0,0.0,20.0,0.0,0.0,0.0,0.0,0.0,0.0,0.0,0.0,31.42857142857143
2022-07-14,0.0,0.0,0.0,0.0,0.0,20.0,0.0,0.0,0.0,0.0,0.0,0.0,0.0,0.0,28.57142857142857
2022-07-15,0.0,0.0,0.0,0.0,0.0,20.0,0.0,0.0,0.0,0.0,0.0,0.0,0.0,0.0,25.714285714285715
2022-07-16,0.0,0.0,0.0,0.0,0.0,20.0,0.0,0.0,0.0,0.0,0.0,0.0,0.0,0.0,22.857142857142858
2022-07-17,0.0,0.0,0.0,0.0,0.0,20.0,0.0,0.0,0.0,0.0,0.0,0.0,0.0,0.0,20.0
2022-07-18,0.0,0.0,0.0,0.0,0.0,20.0,0.0,0.0,0.0,0.0,0.0,0.0,0.0,0.0,20.0
2022-07-19,0.0,0.0,0.0,0.0,0.0,20.0,0.0,0.0,0.0,0.0,0.0,0.0,0.0,0.0,20.0
2022-07-20,0.0,0.0,0.0,0.0,0.0,20.0,0.0,0.0,0.0,0.0,0.0,0.0,0.0,0.0,20.0
2022-07-21,0.0,0.0,0.0,0.0,0.0,20.0,0.0,0.0,0.0,0.0,0.0,0.0,0.0,0.0,20.0
2022-07-22,0.0,0.0,0.0,0.0,0.0,20.0,0.0,0.0,0.0,0.0,0.0,0.0,0.0,0.0,20.0
2022-07-23,0.0,0.0,0.0,0.0,0.0,20.0,0.0,0.0,0.0,0.0,0.0,0.0,0.0,0.0,20.0
2022-07-24,0.0,0.0,0.0,0.0,0.0,20.0,0.0,0.0,0.0,0.0,0.0,0.0,0.0,0.0,20.0
2022-07-25,0.0,0.0,0.0,0.0,0.0,21.904761904761905,0.0,0.0,0.0,0.0,0.0,0.0,0.0,0.0,19.523809523809522
2022-07-26,0.0,0.0,0.0,0.0,0.0,23.809523809523807,0.0,0.0,0.0,0.0,0.0,0.0,0.0,0.0,19.047619047619047
2022-07-27,0.0,0.0,0.0,0.0,0.0,25.71428571428571,0.0,0.0,0.0,0.0,0.0,0.0,0.0,0.0,18.57142857142857
2022-07-28,0.0,0.0,0.0,0.0,0.0,27.619047619047617,0.0,0.0,0.0,0.0,0.0,0.0,0.0,0.0,18.095238095238095
2022-07-29,0.0,0.0,0.0,0.0,0.0,29.52380952380952,0.0,0.0,0.0,0.0,0.0,0.0,0.0,0.0,17.619047619047617
2022-07-30,0.0,0.0,0.0,0.0,0.0,31.428571428571423,0.0,0.0,0.0,0.0,0.0,0.0,0.0,0.0,17.14285714285714
2022-07-31,0.0,0.0,0.0,0.0,0.0,33.33333333333333,0.0,0.0,0.0,0.0,0.0,0.0,0.0,0.0,16.666666666666664
2022-08-01,2.0408163265306123,0.0,0.0,0.0,0.0,32.65306122448979,0.0,0.0,0.0,0.0,0.0,0.0,0.0,0.0,16.326530612244895
2022-08-02,4.081632653061225,0.0,0.0,0.0,0.0,31.972789115646254,0.0,0.0,0.0,0.0,0.0,0.0,0.0,0.0,15.986394557823127
2022-08-03,6.122448979591836,0.0,0.0,0.0,0.0,31.29251700680272,0.0,0.0,0.0,0.0,0.0,0.0,0.0,0.0,15.64625850340136
2022-08-04,8.16326530612245,0.0,0.0,0.0,0.0,30.61224489795918,0.0,0.0,0.0,0.0,0.0,0.0,0.0,0.0,15.30612244897959
2022-08-05,10.204081632653061,0.0,0.0,0.0,0.0,29.931972789115644,0.0,0.0,0.0,0.0,0.0,0.0,0.0,0.0,14.965986394557822
2022-08-06,12.244897959183673,0.0,0.0,0.0,0.0,29.251700680272105,0.0,0.0,0.0,0.0,0.0,0.0,0.0,0.0,14.625850340136052
2022-08-07,14.285714285714285,0.0,0.0,0.0,0.0,28.57142857142857,0.0,0.0,0.0,0.0,0.0,0.0,0.0,0.0,14.285714285714285
2022-08-08,14.030612244897958,0.0,0.0,0.0,0.0,28.061224489795915,0.0,0.0,0.0,0.0,0.0,0.0,0.0,0.0,15.816326530612244
2022-08-09,13.775510204081632,0.0,0.0,0.0,0.0,27.551020408163264,0.0,0.0,0.0,0.0,0.0,0.0,0.0,0.0,17.346938775510203
2022-08-10,13.520408163265305,0.0,0.0,0.0,0.0,27.04081632653061,0.0,0.0,0.0,0.0,0.0,0.0,0.0,0.0,18.877551020408163
2022-08-11,13.26530612244898,0.0,0.0,0.0,0.0,26.53061224489796,0.0,0.0,0.0,0.0,0.0,0.0,0.0,0.0,20.408163265306122
2022-08-12,13.010204081632653,0.0,0.0,0.0,0.0,26.020408163265305,0.0,0.0,0.0,0.0,0.0,0.0,0.0,0.0,21.93877551020408
2022-08-13,12.755102040816327,0.0,0.0,0.0,0.0,25.510204081632654,0.0,0.0,0.0,0.0,0.0,0.0,0.0,0.0,23.46938775510204
2022-08-14,12.5,0.0,0.0,0.0,0.0,25.0,0.0,0.0,0.0,0.0,0.0,0.0,0.0,0.0,25.0
2022-08-15,12.5,0.0,0.0,0.0,0.0,25.0,0.0,0.0,0.0,0.0,0.0,0.0,0.0,0.0,25.0
2022-08-16,12.5,0.0,0.0,0.0,0.0,25.0,0.0,0.0,0.0,0.0,0.0,0.0,0.0,0.0,25.0
2022-08-17,12.5,0.0,0.0,0.0,0.0,25.0,0.0,0.0,0.0,0.0,0.0,0.0,0.0,0.0,25.0
2022-08-18,12.5,0.0,0.0,0.0,0.0,25.0,0.0,0.0,0.0,0.0,0.0,0.0,0.0,0.0,25.0
2022-08-19,12.5,0.0,0.0,0.0,0.0,25.0,0.0,0.0,0.0,0.0,0.0,0.0,0.0,0.0,25.0
2022-08-20,12.5,0.0,0.0,0.0,0.0,25.0,0.0,0.0,0.0,0.0,0.0,0.0,0.0,0.0,25.0
2022-08-21,12.5,0.0,0.0,0.0,0.0,25.0,0.0,0.0,0.0,0.0,0.0,0.0,0.0,0.0,25.0
2022-08-22,12.5,0.0,0.0,0.0,0.0,25.0,0.0,0.0,0.0,0.0,0.0,0.0,0.0,0.0,25.0
2022-08-23,12.5,0.0,0.0,0.0,0.0,25.0,0.0,0.0,0.0,0.0,0.0,0.0,0.0,0.0,25.0
2022-08-24,12.5,0.0,0.0,0.0,0.0,25.0,0.0,0.0,0.0,0.0,0.0,0.0,0.0,0.0,25.0
2022-08-25,12.5,0.0,0.0,0.0,0.0,25.0,0.0,0.0,0.0,0.0,0.0,0.0,0.0,0.0,25.0
2022-08-26,12.5,0.0,0.0,0.0,0.0,25.0,0.0,0.0,0.0,0.0,0.0,0.0,0.0,0.0,25.0
2022-08-27,12.5,0.0,0.0,0.0,0.0,25.0,0.0,0.0,0.0,0.0,0.0,0.0,0.0,0.0,25.0
2022-08-28,12.5,0.0,0.0,0.0,0.0,25.0,0.0,0.0,0.0,0.0,0.0,0.0,0.0,0.0,25.0
2022-08-29,13.095238095238095,0.0,0.0,0.0,0.0,26.19047619047619,0.0,0.0,0.0,0.0,0.0,0.0,0.0,0.0,26.19047619047619
2022-08-30,13.69047619047619,0.0,0.0,0.0,0.0,27.38095238095238,0.0,0.0,0.0,0.0,0.0,0.0,0.0,0.0,27.38095238095238
2022-08-31,14.285714285714285,0.0,0.0,0.0,0.0,28.57142857142857,0.0,0.0,0.0,0.0,0.0,0.0,0.0,0.0,28.57142857142857
2022-09-01,14.88095238095238,0.0,0.0,0.0,0.0,29.76190476190476,0.0,0.0,0.0,0.0,0.0,0.0,0.0,0.0,29.76190476190476
2022-09-02,15.476190476190474,0.0,0.0,0.0,0.0,30.95238095238095,0.0,0.0,0.0,0.0,0.0,0.0,0.0,0.0,30.95238095238095
2022-09-03,16.07142857142857,0.0,0.0,0.0,0.0,32.14285714285714,0.0,0.0,0.0,0.0,0.0,0.0,0.0,0.0,32.14285714285714
2022-09-04,16.666666666666664,0.0,0.0,0.0,0.0,33.33333333333333,0.0,0.0,0.0,0.0,0.0,0.0,0.0,0.0,33.33333333333333
2022-09-05,14.285714285714283,0.0,0.0,0.0,0.0,33.33333333333333,0.0,0.0,0.0,0.0,0.0,0.0,0.0,0.0,33.33333333333333
2022-09-06,11.904761904761902,0.0,0.0,0.0,0.0,33.33333333333333,0.0,0.0,0.0,0.0,0.0,0.0,0.0,0.0,33.33333333333333
2022-09-07,9.523809523809522,0.0,0.0,0.0,0.0,33.33333333333333,0.0,0.0,0.0,0.0,0.0,0.0,0.0,0.0,33.33333333333333
2022-09-08,7.142857142857141,0.0,0.0,0.0,0.0,33.33333333333333,0.0,0.0,0.0,0.0,0.0,0.0,0.0,0.0,33.33333333333333
2022-09-09,4.761904761904761,0.0,0.0,0.0,0.0,33.33333333333333,0.0,0.0,0.0,0.0,0.0,0.0,0.0,0.0,33.33333333333333
2022-09-10,2.3809523809523796,0.0,0.0,0.0,0.0,33.33333333333333,0.0,0.0,0.0,0.0,0.0,0.0,0.0,0.0,33.33333333333333
2022-09-11,0.0,0.0,0.0,0.0,0.0,33.33333333333333,0.0,0.0,0.0,0.0,0.0,0.0,0.0,0.0,33.33333333333333
2022-09-12,0.0,0.0,0.0,0.0,0.0,34.285714285714285,0.0,0.0,0.0,0.0,0.0,0.0,0.0,0.0,34.285714285714285
2022-09-13,0.0,0.0,0.0,0.0,0.0,35.238095238095234,0.0,0.0,0.0,0.0,0.0,0.0,0.0,0.0,35.238095238095234
2022-09-14,0.0,0.0,0.0,0.0,0.0,36.19047619047619,0.0,0.0,0.0,0.0,0.0,0.0,0.0,0.0,36.19047619047619
2022-09-15,0.0,0.0,0.0,0.0,0.0,37.14285714285714,0.0,0.0,0.0,0.0,0.0,0.0,0.0,0.0,37.14285714285714
2022-09-16,0.0,0.0,0.0,0.0,0.0,38.095238095238095,0.0,0.0,0.0,0.0,0.0,0.0,0.0,0.0,38.095238095238095
2022-09-17,0.0,0.0,0.0,0.0,0.0,39.04761904761905,0.0,0.0,0.0,0.0,0.0,0.0,0.0,0.0,39.04761904761905
2022-09-18,0.0,0.0,0.0,0.0,0.0,40.0,0.0,0.0,0.0,0.0,0.0,0.0,0.0,0.0,40.0
2022-09-19,0.0,0.0,0.0,0.0,0.0,37.857142857142854,0.0,0.0,0.0,0.0,0.0,0.0,0.0,0.0,37.857142857142854
2022-09-20,0.0,0.0,0.0,0.0,0.0,35.714285714285715,0.0,0.0,0.0,0.0,0.0,0.0,0.0,0.0,35.714285714285715
2022-09-21,0.0,0.0,0.0,0.0,0.0,33.57142857142857,0.0,0.0,0.0,0.0,0.0,0.0,0.0,0.0,33.57142857142857
2022-09-22,0.0,0.0,0.0,0.0,0.0,31.42857142857143,0.0,0.0,0.0,0.0,0.0,0.0,0.0,0.0,31.42857142857143
2022-09-23,0.0,0.0,0.0,0.0,0.0,29.285714285714285,0.0,0.0,0.0,0.0,0.0,0.0,0.0,0.0,29.285714285714285
2022-09-24,0.0,0.0,0.0,0.0,0.0,27.142857142857142,0.0,0.0,0.0,0.0,0.0,0.0,0.0,0.0,27.142857142857142
2022-09-25,0.0,0.0,0.0,0.0,0.0,25.0,0.0,0.0,0.0,0.0,0.0,0.0,0.0,0.0,25.0
2022-09-26,0.0,0.0,0.0,0.0,0.0,25.0,0.0,0.0,0.0,0.0,0.0,0.0,0.0,0.0,28.571428571428573
2022-09-27,0.0,0.0,0.0,0.0,0.0,25.0,0.0,0.0,0.0,0.0,0.0,0.0,0.0,0.0,32.142857142857146
2022-09-28,0.0,0.0,0.0,0.0,0.0,25.0,0.0,0.0,0.0,0.0,0.0,0.0,0.0,0.0,35.714285714285715
2022-09-29,0.0,0.0,0.0,0.0,0.0,25.0,0.0,0.0,0.0,0.0,0.0,0.0,0.0,0.0,39.285714285714285
2022-09-30,0.0,0.0,0.0,0.0,0.0,25.0,0.0,0.0,0.0,0.0,0.0,0.0,0.0,0.0,42.85714285714286
2022-10-01,0.0,0.0,0.0,0.0,0.0,25.0,0.0,0.0,0.0,0.0,0.0,0.0,0.0,0.0,46.42857142857143
2022-10-02,0.0,0.0,0.0,0.0,0.0,25.0,0.0,0.0,0.0,0.0,0.0,0.0,0.0,0.0,50.0
2022-10-03,0.0,0.0,0.0,0.0,0.0,26.19047619047619,0.0,0.0,0.0,0.0,0.0,0.0,0.0,0.0,52.38095238095238
2022-10-04,0.0,0.0,0.0,0.0,0.0,27.38095238095238,0.0,0.0,0.0,0.0,0.0,0.0,0.0,0.0,54.76190476190476
2022-10-05,0.0,0.0,0.0,0.0,0.0,28.57142857142857,0.0,0.0,0.0,0.0,0.0,0.0,0.0,0.0,57.14285714285714
2022-10-06,0.0,0.0,0.0,0.0,0.0,29.76190476190476,0.0,0.0,0.0,0.0,0.0,0.0,0.0,0.0,59.52380952380952
2022-10-07,0.0,0.0,0.0,0.0,0.0,30.95238095238095,0.0,0.0,0.0,0.0,0.0,0.0,0.0,0.0,61.9047619047619
2022-10-08,0.0,0.0,0.0,0.0,0.0,32.14285714285714,0.0,0.0,0.0,0.0,0.0,0.0,0.0,0.0,64.28571428571428
2022-10-09,0.0,0.0,0.0,0.0,0.0,33.33333333333333,0.0,0.0,0.0,0.0,0.0,0.0,0.0,0.0,66.66666666666666
